timestamp;worker;score;status;violations;message
2026-05-13T15:54:50.111301+00:00;GuardianWorker;5;OK;;
2026-05-13T15:54:19.611089+00:00;GuardianWorker;5;OK;;
2026-05-13T15:54:12.425046+00:00;ButtWorker;1;FAIL;Nenhuma instância BUTT reconectada;
2026-05-13T15:53:48.917775+00:00;GuardianWorker;5;OK;;
2026-05-13T15:53:19.146618+00:00;GuardianWorker;5;OK;;
2026-05-13T15:52:48.784007+00:00;GuardianWorker;5;OK;;
2026-05-13T15:52:19.401305+00:00;GuardianWorker;5;OK;;
2026-05-13T15:52:14.400959+00:00;CuradoriaWorker;2;OK;;
2026-05-13T15:52:12.981497+00:00;WeatherWorker;1;OK;;
2026-05-13T15:52:12.401793+00:00;ButtWorker;1;FAIL;Nenhuma instância BUTT reconectada;
2026-05-13T15:52:12.189413+00:00;AuditWorker;-1;FAIL;Artista 'O RAPPA' repete na janela de 80 músicas.;
2026-05-13T15:51:48.480044+00:00;GuardianWorker;5;OK;;
2026-05-13T15:51:17.998079+00:00;GuardianWorker;5;OK;;
2026-05-13T15:50:48.447835+00:00;GuardianWorker;5;OK;;
2026-05-13T15:50:18.481547+00:00;GuardianWorker;5;OK;;
2026-05-13T15:50:12.313712+00:00;ButtWorker;1;FAIL;Nenhuma instância BUTT reconectada;
2026-05-13T15:49:48.350475+00:00;GuardianWorker;5;OK;;
2026-05-13T15:49:18.435606+00:00;GuardianWorker;5;OK;;
2026-05-13T15:48:48.672510+00:00;GuardianWorker;5;OK;;
2026-05-13T15:48:18.538215+00:00;GuardianWorker;5;OK;;
2026-05-13T15:48:12.304954+00:00;ButtWorker;1;FAIL;Nenhuma instância BUTT reconectada;
2026-05-13T15:47:48.401490+00:00;GuardianWorker;5;OK;;
2026-05-13T15:47:18.602151+00:00;GuardianWorker;5;OK;;
2026-05-13T15:47:14.243293+00:00;CuradoriaWorker;1;OK;;Nenhuma música pendente.
2026-05-13T15:46:48.391608+00:00;GuardianWorker;5;OK;;
2026-05-13T15:46:18.602779+00:00;GuardianWorker;5;OK;;
2026-05-13T15:46:12.305348+00:00;ButtWorker;1;FAIL;Nenhuma instância BUTT reconectada;
2026-05-13T15:45:48.438454+00:00;GuardianWorker;5;OK;;
2026-05-13T15:45:18.428959+00:00;GuardianWorker;5;OK;;
2026-05-13T15:44:47.993977+00:00;GuardianWorker;5;OK;;
2026-05-13T15:44:18.525072+00:00;GuardianWorker;5;OK;;
2026-05-13T15:44:12.317732+00:00;ButtWorker;1;FAIL;Nenhuma instância BUTT reconectada;
2026-05-13T15:43:48.385367+00:00;GuardianWorker;5;OK;;
2026-05-13T15:43:18.309634+00:00;GuardianWorker;5;OK;;
2026-05-13T15:42:48.360915+00:00;GuardianWorker;5;OK;;
2026-05-13T15:42:18.575052+00:00;GuardianWorker;5;OK;;
2026-05-13T15:42:14.170506+00:00;CuradoriaWorker;1;OK;;Nenhuma música pendente.
2026-05-13T15:42:12.304598+00:00;ButtWorker;1;FAIL;Nenhuma instância BUTT reconectada;
2026-05-13T15:41:48.469190+00:00;GuardianWorker;5;OK;;
2026-05-13T15:41:18.268319+00:00;GuardianWorker;5;OK;;
2026-05-13T15:40:48.368746+00:00;GuardianWorker;5;OK;;
2026-05-13T15:40:18.505245+00:00;GuardianWorker;5;OK;;
2026-05-13T15:40:12.318680+00:00;ButtWorker;1;FAIL;Nenhuma instância BUTT reconectada;
2026-05-13T15:39:47.964913+00:00;GuardianWorker;5;OK;;
2026-05-13T15:39:18.551197+00:00;GuardianWorker;5;OK;;
2026-05-13T15:38:48.262550+00:00;GuardianWorker;5;OK;;
2026-05-13T15:38:18.414241+00:00;GuardianWorker;5;OK;;
2026-05-13T15:38:12.312813+00:00;ButtWorker;1;FAIL;Nenhuma instância BUTT reconectada;
2026-05-13T15:37:48.183927+00:00;GuardianWorker;5;OK;;
2026-05-13T15:37:18.496806+00:00;GuardianWorker;5;OK;;
2026-05-13T15:37:14.186732+00:00;CuradoriaWorker;1;OK;;Nenhuma música pendente.
2026-05-13T15:36:48.254341+00:00;GuardianWorker;5;OK;;
2026-05-13T15:36:18.409711+00:00;GuardianWorker;5;OK;;
2026-05-13T15:36:12.302102+00:00;ButtWorker;1;FAIL;Nenhuma instância BUTT reconectada;
2026-05-13T15:35:48.233349+00:00;GuardianWorker;5;OK;;
2026-05-13T15:35:18.251914+00:00;GuardianWorker;5;OK;;
2026-05-13T15:34:48.379640+00:00;GuardianWorker;5;OK;;
2026-05-13T15:34:18.643748+00:00;GuardianWorker;5;OK;;
2026-05-13T15:34:12.314016+00:00;ButtWorker;1;FAIL;Nenhuma instância BUTT reconectada;
2026-05-13T15:33:48.262127+00:00;GuardianWorker;5;OK;;
2026-05-13T15:33:18.227622+00:00;GuardianWorker;5;OK;;
2026-05-13T15:32:48.340752+00:00;GuardianWorker;5;OK;;
2026-05-13T15:32:21.002650+00:00;CuradoriaWorker;2;OK;;
2026-05-13T15:32:20.651631+00:00;GuardianWorker;5;OK;;
2026-05-13T15:32:12.333536+00:00;ButtWorker;1;FAIL;Nenhuma instância BUTT reconectada;
2026-05-13T15:31:48.285530+00:00;GuardianWorker;5;OK;;
2026-05-13T15:31:18.447100+00:00;GuardianWorker;5;OK;;
2026-05-13T15:30:52.544643+00:00;DownloaderWorker;5;OK;;
2026-05-13T15:30:48.894446+00:00;GuardianWorker;5;OK;;
2026-05-13T15:30:33.742103+00:00;DownloaderWorker;35;FAIL;"Erro DB em Liniker - Greatest Hits: (sqlite3.IntegrityError) UNIQUE constraint failed: musicas.caminho
[SQL: INSERT INTO musicas (caminho, artista, titulo, estilo, energia, duracao, auditado_acustica, redflag, mood, ultima_reproducao, vezes_tocada, ai_insight) VALUES (?, ?, ?, ?, ?, ?, ?, ?, ?, ?, ?, ?)]
[parameters: ('D:\\RADIO\\QUARENTENA_TJ\\Liniker - Greatest Hits.mp3', 'LINIKER', 'Greatest Hits', 'outros', 3, 210, 0, 0, None, None, 0, None)]
(Background on this error at: https://sqlalche.me/e/20/gkpj)|Erro DB em Luedji Luna - Greatest Hits: (sqlite3.IntegrityError) UNIQUE constraint failed: musicas.caminho
[SQL: INSERT INTO musicas (caminho, artista, titulo, estilo, energia, duracao, auditado_acustica, redflag, mood, ultima_reproducao, vezes_tocada, ai_insight) VALUES (?, ?, ?, ?, ?, ?, ?, ?, ?, ?, ?, ?)]
[parameters: ('D:\\RADIO\\QUARENTENA_TJ\\Luedji Luna - Greatest Hits.mp3', 'LUEDJI LUNA', 'Greatest Hits', 'outros', 3, 210, 0, 0, None, None, 0, None)]
(Background on this error at: https://sqlalche.me/e/20/gkpj)|Erro DB em Baco Exu do Blues - Greatest Hits: (sqlite3.IntegrityError) UNIQUE constraint failed: musicas.caminho
[SQL: INSERT INTO musicas (caminho, artista, titulo, estilo, energia, duracao, auditado_acustica, redflag, mood, ultima_reproducao, vezes_tocada, ai_insight) VALUES (?, ?, ?, ?, ?, ?, ?, ?, ?, ?, ?, ?)]
[parameters: ('D:\\RADIO\\QUARENTENA_TJ\\Baco Exu do Blues - Greatest Hits.mp3', 'BACO EXU DO BLUES', 'Greatest Hits', 'outros', 3, 210, 0, 0, None, None, 0, None)]
(Background on this error at: https://sqlalche.me/e/20/gkpj)|Erro DB em Silva - Greatest Hits: (sqlite3.IntegrityError) UNIQUE constraint failed: musicas.caminho
[SQL: INSERT INTO musicas (caminho, artista, titulo, estilo, energia, duracao, auditado_acustica, redflag, mood, ultima_reproducao, vezes_tocada, ai_insight) VALUES (?, ?, ?, ?, ?, ?, ?, ?, ?, ?, ?, ?)]
[parameters: ('D:\\RADIO\\QUARENTENA_TJ\\Silva - Greatest Hits.mp3', 'SILVA', 'Greatest Hits', 'outros', 3, 210, 0, 0, None, None, 0, None)]
(Background on this error at: https://sqlalche.me/e/20/gkpj)|Erro DB em Anavitória - Greatest Hits: (sqlite3.IntegrityError) UNIQUE constraint failed: musicas.caminho
[SQL: INSERT INTO musicas (caminho, artista, titulo, estilo, energia, duracao, auditado_acustica, redflag, mood, ultima_reproducao, vezes_tocada, ai_insight) VALUES (?, ?, ?, ?, ?, ?, ?, ?, ?, ?, ?, ?)]
[parameters: ('D:\\RADIO\\QUARENTENA_TJ\\Anavitória - Greatest Hits.mp3', 'ANAVITÓRIA', 'Greatest Hits', 'outros', 3, 210, 0, 0, None, None, 0, None)]
(Background on this error at: https://sqlalche.me/e/20/gkpj)|Erro DB em Fleetwood Mac - Greatest Hits: (sqlite3.IntegrityError) UNIQUE constraint failed: musicas.caminho
[SQL: INSERT INTO musicas (caminho, artista, titulo, estilo, energia, duracao, auditado_acustica, redflag, mood, ultima_reproducao, vezes_tocada, ai_insight) VALUES (?, ?, ?, ?, ?, ?, ?, ?, ?, ?, ?, ?)]
[parameters: ('D:\\RADIO\\QUARENTENA_TJ\\Fleetwood Mac - Greatest Hits.mp3', 'FLEETWOOD MAC', 'Greatest Hits', 'outros', 3, 210, 0, 0, None, None, 0, None)]
(Background on this error at: https://sqlalche.me/e/20/gkpj)|Erro DB em Santanna Cantador - Greatest Hits: (sqlite3.IntegrityError) UNIQUE constraint failed: musicas.caminho
[SQL: INSERT INTO musicas (caminho, artista, titulo, estilo, energia, duracao, auditado_acustica, redflag, mood, ultima_reproducao, vezes_tocada, ai_insight) VALUES (?, ?, ?, ?, ?, ?, ?, ?, ?, ?, ?, ?)]
[parameters: ('D:\\RADIO\\QUARENTENA_TJ\\Santanna Cantador - Greatest Hits.mp3', 'SANTANNA CANTADOR', 'Greatest Hits', 'outros', 3, 210, 0, 0, None, None, 0, None)]
(Background on this error at: https://sqlalche.me/e/20/gkpj)";
2026-05-13T15:30:27.418769+00:00;DownloaderWorker;14;FAIL;"Erro DB em Liniker - Greatest Hits: (sqlite3.IntegrityError) UNIQUE constraint failed: musicas.caminho
[SQL: INSERT INTO musicas (caminho, artista, titulo, estilo, energia, duracao, auditado_acustica, redflag, mood, ultima_reproducao, vezes_tocada, ai_insight) VALUES (?, ?, ?, ?, ?, ?, ?, ?, ?, ?, ?, ?)]
[parameters: ('D:\\RADIO\\QUARENTENA_TJ\\Liniker - Greatest Hits.mp3', 'LINIKER', 'Greatest Hits', 'outros', 3, 210, 0, 0, None, None, 0, None)]
(Background on this error at: https://sqlalche.me/e/20/gkpj)|Erro DB em Luedji Luna - Greatest Hits: (sqlite3.IntegrityError) UNIQUE constraint failed: musicas.caminho
[SQL: INSERT INTO musicas (caminho, artista, titulo, estilo, energia, duracao, auditado_acustica, redflag, mood, ultima_reproducao, vezes_tocada, ai_insight) VALUES (?, ?, ?, ?, ?, ?, ?, ?, ?, ?, ?, ?)]
[parameters: ('D:\\RADIO\\QUARENTENA_TJ\\Luedji Luna - Greatest Hits.mp3', 'LUEDJI LUNA', 'Greatest Hits', 'outros', 3, 210, 0, 0, None, None, 0, None)]
(Background on this error at: https://sqlalche.me/e/20/gkpj)|Erro DB em Baco Exu do Blues - Greatest Hits: (sqlite3.IntegrityError) UNIQUE constraint failed: musicas.caminho
[SQL: INSERT INTO musicas (caminho, artista, titulo, estilo, energia, duracao, auditado_acustica, redflag, mood, ultima_reproducao, vezes_tocada, ai_insight) VALUES (?, ?, ?, ?, ?, ?, ?, ?, ?, ?, ?, ?)]
[parameters: ('D:\\RADIO\\QUARENTENA_TJ\\Baco Exu do Blues - Greatest Hits.mp3', 'BACO EXU DO BLUES', 'Greatest Hits', 'outros', 3, 210, 0, 0, None, None, 0, None)]
(Background on this error at: https://sqlalche.me/e/20/gkpj)|Erro DB em Silva - Greatest Hits: (sqlite3.IntegrityError) UNIQUE constraint failed: musicas.caminho
[SQL: INSERT INTO musicas (caminho, artista, titulo, estilo, energia, duracao, auditado_acustica, redflag, mood, ultima_reproducao, vezes_tocada, ai_insight) VALUES (?, ?, ?, ?, ?, ?, ?, ?, ?, ?, ?, ?)]
[parameters: ('D:\\RADIO\\QUARENTENA_TJ\\Silva - Greatest Hits.mp3', 'SILVA', 'Greatest Hits', 'outros', 3, 210, 0, 0, None, None, 0, None)]
(Background on this error at: https://sqlalche.me/e/20/gkpj)|Falha no download de Anavitória - Greatest Hits: [WinError 32] O arquivo já está sendo usado por outro processo: 'D:\\RADIO\\QUARENTENA_TJ\\Anavitória - Greatest Hits.webm' -> 'D:\\RADIO\\QUARENTENA_TJ\\Anavitória - Greatest Hits.webm'|Falha no download de Fleetwood Mac - Greatest Hits: [WinError 32] O arquivo já está sendo usado por outro processo: 'D:\\RADIO\\QUARENTENA_TJ\\Fleetwood Mac - Greatest Hits.webm' -> 'D:\\RADIO\\QUARENTENA_TJ\\Fleetwood Mac - Greatest Hits.webm'|Falha no download de Santanna Cantador - Greatest Hits: [WinError 32] O arquivo já está sendo usado por outro processo: 'D:\\RADIO\\QUARENTENA_TJ\\Santanna Cantador - Greatest Hits.webm' -> 'D:\\RADIO\\QUARENTENA_TJ\\Santanna Cantador - Greatest Hits.webm'";
2026-05-13T15:30:20.032936+00:00;GuardianWorker;5;OK;;
2026-05-13T15:30:12.384546+00:00;ButtWorker;1;FAIL;Nenhuma instância BUTT reconectada;
2026-05-13T15:29:49.242712+00:00;GuardianWorker;5;OK;;
2026-05-13T15:29:19.173766+00:00;GuardianWorker;5;OK;;
2026-05-13T15:28:49.432074+00:00;GuardianWorker;5;OK;;
2026-05-13T15:28:19.933393+00:00;GuardianWorker;5;OK;;
2026-05-13T15:28:12.301541+00:00;ButtWorker;1;FAIL;Nenhuma instância BUTT reconectada;
2026-05-13T15:27:49.657383+00:00;GuardianWorker;5;OK;;
2026-05-13T15:27:21.008543+00:00;GuardianWorker;5;OK;;
2026-05-13T15:27:14.384831+00:00;CuradoriaWorker;1;OK;;Nenhuma música pendente.
2026-05-13T15:26:49.702104+00:00;GuardianWorker;5;OK;;
2026-05-13T15:26:19.012337+00:00;GuardianWorker;5;OK;;
2026-05-13T15:26:12.302204+00:00;ButtWorker;1;FAIL;Nenhuma instância BUTT reconectada;
2026-05-13T15:25:49.664754+00:00;GuardianWorker;5;OK;;
2026-05-13T15:25:20.223382+00:00;GuardianWorker;5;OK;;
2026-05-13T15:24:49.444999+00:00;GuardianWorker;5;OK;;
2026-05-13T15:24:19.040616+00:00;GuardianWorker;5;OK;;
2026-05-13T15:24:12.305371+00:00;ButtWorker;1;FAIL;Nenhuma instância BUTT reconectada;
2026-05-13T15:23:48.683997+00:00;GuardianWorker;5;OK;;
2026-05-13T15:23:17.981608+00:00;GuardianWorker;5;OK;;
2026-05-13T15:22:47.938196+00:00;GuardianWorker;5;OK;;
2026-05-13T15:22:18.230636+00:00;GuardianWorker;5;OK;;
2026-05-13T15:22:14.352560+00:00;CuradoriaWorker;1;OK;;Nenhuma música pendente.
2026-05-13T15:22:12.888374+00:00;WeatherWorker;1;OK;;
2026-05-13T15:22:12.298692+00:00;ButtWorker;1;FAIL;Nenhuma instância BUTT reconectada;
2026-05-13T15:21:47.921734+00:00;GuardianWorker;5;OK;;
2026-05-13T15:21:17.902096+00:00;GuardianWorker;5;OK;;
2026-05-13T15:20:47.871007+00:00;GuardianWorker;5;OK;;
2026-05-13T15:20:17.923252+00:00;GuardianWorker;5;OK;;
2026-05-13T15:20:12.299548+00:00;ButtWorker;1;FAIL;Nenhuma instância BUTT reconectada;
2026-05-13T15:19:47.895814+00:00;GuardianWorker;5;OK;;
2026-05-13T15:19:17.876712+00:00;GuardianWorker;5;OK;;
2026-05-13T15:18:47.895930+00:00;GuardianWorker;5;OK;;
2026-05-13T15:18:17.999926+00:00;GuardianWorker;5;OK;;
2026-05-13T15:18:12.302789+00:00;ButtWorker;1;FAIL;Nenhuma instância BUTT reconectada;
2026-05-13T15:17:47.865865+00:00;GuardianWorker;5;OK;;
2026-05-13T15:17:18.009754+00:00;GuardianWorker;5;OK;;
2026-05-13T15:17:14.275157+00:00;CuradoriaWorker;1;OK;;Nenhuma música pendente.
2026-05-13T15:16:47.888604+00:00;GuardianWorker;5;OK;;
2026-05-13T15:16:17.941085+00:00;GuardianWorker;5;OK;;
2026-05-13T15:16:12.305010+00:00;ButtWorker;1;FAIL;Nenhuma instância BUTT reconectada;
2026-05-13T15:15:47.835052+00:00;GuardianWorker;5;OK;;
2026-05-13T15:15:17.844843+00:00;GuardianWorker;5;OK;;
2026-05-13T15:14:47.889593+00:00;GuardianWorker;5;OK;;
2026-05-13T15:14:17.946658+00:00;GuardianWorker;5;OK;;
2026-05-13T15:14:12.304189+00:00;ButtWorker;1;FAIL;Nenhuma instância BUTT reconectada;
2026-05-13T15:13:47.898624+00:00;GuardianWorker;5;OK;;
2026-05-13T15:13:17.858263+00:00;GuardianWorker;5;OK;;
2026-05-13T15:12:47.866717+00:00;GuardianWorker;5;OK;;
2026-05-13T15:12:18.060925+00:00;GuardianWorker;5;OK;;
2026-05-13T15:12:14.242942+00:00;CuradoriaWorker;1;OK;;Nenhuma música pendente.
2026-05-13T15:12:12.295885+00:00;ButtWorker;1;FAIL;Nenhuma instância BUTT reconectada;
2026-05-13T15:11:47.866756+00:00;GuardianWorker;5;OK;;
2026-05-13T15:11:17.841515+00:00;GuardianWorker;5;OK;;
2026-05-13T15:10:47.860036+00:00;GuardianWorker;5;OK;;
2026-05-13T15:10:17.962195+00:00;GuardianWorker;5;OK;;
2026-05-13T15:10:12.296904+00:00;ButtWorker;1;FAIL;Nenhuma instância BUTT reconectada;
2026-05-13T15:09:47.898189+00:00;GuardianWorker;5;OK;;
2026-05-13T15:09:17.905062+00:00;GuardianWorker;5;OK;;
2026-05-13T15:08:47.909126+00:00;GuardianWorker;5;OK;;
2026-05-13T15:08:17.927026+00:00;GuardianWorker;5;OK;;
2026-05-13T15:08:12.299951+00:00;ButtWorker;1;FAIL;Nenhuma instância BUTT reconectada;
2026-05-13T15:07:47.878867+00:00;GuardianWorker;5;OK;;
2026-05-13T15:07:17.997303+00:00;GuardianWorker;5;OK;;
2026-05-13T15:07:14.219009+00:00;CuradoriaWorker;1;OK;;Nenhuma música pendente.
2026-05-13T15:06:47.887688+00:00;GuardianWorker;5;OK;;
2026-05-13T15:06:17.958000+00:00;GuardianWorker;5;OK;;
2026-05-13T15:06:12.314578+00:00;ButtWorker;1;FAIL;Nenhuma instância BUTT reconectada;
2026-05-13T15:05:47.875314+00:00;GuardianWorker;5;OK;;
2026-05-13T15:05:17.900326+00:00;GuardianWorker;5;OK;;
2026-05-13T15:04:47.906904+00:00;GuardianWorker;5;OK;;
2026-05-13T15:04:17.978644+00:00;GuardianWorker;5;OK;;
2026-05-13T15:04:12.305035+00:00;ButtWorker;1;FAIL;Nenhuma instância BUTT reconectada;
2026-05-13T15:03:48.238827+00:00;GuardianWorker;5;OK;;
2026-05-13T15:03:18.115191+00:00;GuardianWorker;5;OK;;
2026-05-13T15:02:48.146143+00:00;GuardianWorker;5;OK;;
2026-05-13T15:02:18.334863+00:00;GuardianWorker;5;OK;;
2026-05-13T15:02:15.100334+00:00;CuradoriaWorker;1;OK;;Nenhuma música pendente.
2026-05-13T15:02:12.305094+00:00;ButtWorker;1;FAIL;Nenhuma instância BUTT reconectada;
2026-05-13T15:01:48.117478+00:00;GuardianWorker;5;OK;;
2026-05-13T15:01:17.860574+00:00;GuardianWorker;5;OK;;
2026-05-13T15:00:47.867218+00:00;GuardianWorker;5;OK;;
2026-05-13T15:00:17.950001+00:00;GuardianWorker;5;OK;;
2026-05-13T15:00:12.314323+00:00;ButtWorker;1;FAIL;Nenhuma instância BUTT reconectada;
2026-05-13T14:59:47.902514+00:00;GuardianWorker;5;OK;;
2026-05-13T14:59:17.886707+00:00;GuardianWorker;5;OK;;
2026-05-13T14:58:47.902312+00:00;GuardianWorker;5;OK;;
2026-05-13T14:58:17.965389+00:00;GuardianWorker;5;OK;;
2026-05-13T14:58:12.301246+00:00;ButtWorker;1;FAIL;Nenhuma instância BUTT reconectada;
2026-05-13T14:57:47.929998+00:00;GuardianWorker;5;OK;;
2026-05-13T14:57:18.000726+00:00;GuardianWorker;5;OK;;
2026-05-13T14:57:14.384728+00:00;CuradoriaWorker;1;OK;;Nenhuma música pendente.
2026-05-13T14:56:47.934381+00:00;GuardianWorker;5;OK;;
2026-05-13T14:56:17.980720+00:00;GuardianWorker;5;OK;;
2026-05-13T14:56:12.297749+00:00;ButtWorker;1;FAIL;Nenhuma instância BUTT reconectada;
2026-05-13T14:55:47.932172+00:00;GuardianWorker;5;OK;;
2026-05-13T14:55:30.741792+00:00;UpdateWorker;2;OK;;
2026-05-13T14:55:18.046914+00:00;GuardianWorker;5;OK;;
2026-05-13T14:54:48.108436+00:00;GuardianWorker;5;OK;;
2026-05-13T14:54:18.148504+00:00;GuardianWorker;5;OK;;
2026-05-13T14:54:12.299444+00:00;ButtWorker;1;FAIL;Nenhuma instância BUTT reconectada;
2026-05-13T14:53:48.101281+00:00;GuardianWorker;5;OK;;
2026-05-13T14:53:18.983502+00:00;GuardianWorker;5;OK;;
2026-05-13T14:52:48.258106+00:00;GuardianWorker;5;OK;;
2026-05-13T14:52:18.612905+00:00;GuardianWorker;5;OK;;
2026-05-13T14:52:14.233140+00:00;CuradoriaWorker;1;OK;;Nenhuma música pendente.
2026-05-13T14:52:12.940287+00:00;WeatherWorker;1;OK;;
2026-05-13T14:52:12.304714+00:00;ButtWorker;1;FAIL;Nenhuma instância BUTT reconectada;
2026-05-13T14:52:12.208303+00:00;AuditWorker;-1;FAIL;Artista 'O RAPPA' repete na janela de 80 músicas.;
2026-05-13T14:51:47.999993+00:00;GuardianWorker;5;OK;;
2026-05-13T14:51:18.007369+00:00;GuardianWorker;5;OK;;
2026-05-13T14:50:48.051435+00:00;GuardianWorker;5;OK;;
2026-05-13T14:50:18.068786+00:00;GuardianWorker;5;OK;;
2026-05-13T14:50:12.296539+00:00;ButtWorker;1;FAIL;Nenhuma instância BUTT reconectada;
2026-05-13T14:49:48.095042+00:00;GuardianWorker;5;OK;;
2026-05-13T14:49:18.026837+00:00;GuardianWorker;5;OK;;
2026-05-13T14:48:48.079148+00:00;GuardianWorker;5;OK;;
2026-05-13T14:48:18.139107+00:00;GuardianWorker;5;OK;;
2026-05-13T14:48:12.299224+00:00;ButtWorker;1;FAIL;Nenhuma instância BUTT reconectada;
2026-05-13T14:47:48.013072+00:00;GuardianWorker;5;OK;;
2026-05-13T14:47:18.168763+00:00;GuardianWorker;5;OK;;
2026-05-13T14:47:14.284387+00:00;CuradoriaWorker;1;OK;;Nenhuma música pendente.
2026-05-13T14:46:48.158914+00:00;GuardianWorker;5;OK;;
2026-05-13T14:46:18.159603+00:00;GuardianWorker;5;OK;;
2026-05-13T14:46:12.303311+00:00;ButtWorker;1;FAIL;Nenhuma instância BUTT reconectada;
2026-05-13T14:45:48.093351+00:00;GuardianWorker;5;OK;;
2026-05-13T14:45:18.076140+00:00;GuardianWorker;5;OK;;
2026-05-13T14:44:48.101286+00:00;GuardianWorker;5;OK;;
2026-05-13T14:44:18.157427+00:00;GuardianWorker;5;OK;;
2026-05-13T14:44:12.298172+00:00;ButtWorker;1;FAIL;Nenhuma instância BUTT reconectada;
2026-05-13T14:43:48.089103+00:00;GuardianWorker;5;OK;;
2026-05-13T14:43:18.090440+00:00;GuardianWorker;5;OK;;
2026-05-13T14:42:48.136487+00:00;GuardianWorker;5;OK;;
2026-05-13T14:42:18.169505+00:00;GuardianWorker;5;OK;;
2026-05-13T14:42:14.431837+00:00;CuradoriaWorker;1;OK;;Nenhuma música pendente.
2026-05-13T14:42:12.336755+00:00;ButtWorker;1;FAIL;Nenhuma instância BUTT reconectada;
2026-05-13T14:41:48.008696+00:00;GuardianWorker;5;OK;;
2026-05-13T14:41:17.962407+00:00;GuardianWorker;5;OK;;
2026-05-13T14:40:47.983556+00:00;GuardianWorker;5;OK;;
2026-05-13T14:40:18.033077+00:00;GuardianWorker;5;OK;;
2026-05-13T14:40:12.299450+00:00;ButtWorker;1;FAIL;Nenhuma instância BUTT reconectada;
2026-05-13T14:39:48.008996+00:00;GuardianWorker;5;OK;;
2026-05-13T14:39:18.081549+00:00;GuardianWorker;5;OK;;
2026-05-13T14:38:48.000811+00:00;GuardianWorker;5;OK;;
2026-05-13T14:38:18.107325+00:00;GuardianWorker;5;OK;;
2026-05-13T14:38:12.304675+00:00;ButtWorker;1;FAIL;Nenhuma instância BUTT reconectada;
2026-05-13T14:37:47.988753+00:00;GuardianWorker;5;OK;;
2026-05-13T14:37:18.089892+00:00;GuardianWorker;5;OK;;
2026-05-13T14:37:14.223656+00:00;CuradoriaWorker;1;OK;;Nenhuma música pendente.
2026-05-13T14:36:48.146720+00:00;GuardianWorker;5;OK;;
2026-05-13T14:36:17.995965+00:00;GuardianWorker;5;OK;;
2026-05-13T14:36:12.303783+00:00;ButtWorker;1;FAIL;Nenhuma instância BUTT reconectada;
2026-05-13T14:35:47.951700+00:00;GuardianWorker;5;OK;;
2026-05-13T14:35:17.963142+00:00;GuardianWorker;5;OK;;
2026-05-13T14:34:48.008360+00:00;GuardianWorker;5;OK;;
2026-05-13T14:34:18.000593+00:00;GuardianWorker;5;OK;;
2026-05-13T14:34:12.294682+00:00;ButtWorker;1;FAIL;Nenhuma instância BUTT reconectada;
2026-05-13T14:33:47.975688+00:00;GuardianWorker;5;OK;;
2026-05-13T14:33:17.940643+00:00;GuardianWorker;5;OK;;
2026-05-13T14:32:48.182265+00:00;GuardianWorker;5;OK;;
2026-05-13T14:32:18.327967+00:00;GuardianWorker;5;OK;;
2026-05-13T14:32:13.332916+00:00;CuradoriaWorker;1;OK;;Nenhuma música pendente.
2026-05-13T14:32:12.302886+00:00;ButtWorker;1;FAIL;Nenhuma instância BUTT reconectada;
2026-05-13T14:31:48.032950+00:00;GuardianWorker;5;OK;;
2026-05-13T14:31:18.056643+00:00;GuardianWorker;5;OK;;
2026-05-13T14:30:48.342022+00:00;GuardianWorker;5;OK;;
2026-05-13T14:30:18.132313+00:00;GuardianWorker;5;OK;;
2026-05-13T14:30:12.330696+00:00;ButtWorker;1;FAIL;Nenhuma instância BUTT reconectada;
2026-05-13T14:29:48.087187+00:00;GuardianWorker;5;OK;;
2026-05-13T14:29:18.123096+00:00;GuardianWorker;5;OK;;
2026-05-13T14:28:48.028485+00:00;GuardianWorker;5;OK;;
2026-05-13T14:28:18.147626+00:00;GuardianWorker;5;OK;;
2026-05-13T14:28:12.339520+00:00;ButtWorker;1;FAIL;Nenhuma instância BUTT reconectada;
2026-05-13T14:27:48.148693+00:00;GuardianWorker;5;OK;;
2026-05-13T14:27:18.172234+00:00;GuardianWorker;5;OK;;
2026-05-13T14:27:14.342858+00:00;CuradoriaWorker;1;OK;;Nenhuma música pendente.
2026-05-13T14:26:48.148717+00:00;GuardianWorker;5;OK;;
2026-05-13T14:26:18.193221+00:00;GuardianWorker;5;OK;;
2026-05-13T14:26:12.366767+00:00;ButtWorker;1;FAIL;Nenhuma instância BUTT reconectada;
2026-05-13T14:25:48.114231+00:00;GuardianWorker;5;OK;;
2026-05-13T14:25:18.224285+00:00;GuardianWorker;5;OK;;
2026-05-13T14:24:48.139424+00:00;GuardianWorker;5;OK;;
2026-05-13T14:24:18.217842+00:00;GuardianWorker;5;OK;;
2026-05-13T14:24:12.341189+00:00;ButtWorker;1;FAIL;Nenhuma instância BUTT reconectada;
2026-05-13T14:23:48.211015+00:00;GuardianWorker;5;OK;;
2026-05-13T14:23:18.217702+00:00;GuardianWorker;5;OK;;
2026-05-13T14:22:48.306818+00:00;GuardianWorker;5;OK;;
2026-05-13T14:22:18.645863+00:00;GuardianWorker;5;OK;;
2026-05-13T14:22:14.312823+00:00;CuradoriaWorker;1;OK;;Nenhuma música pendente.
2026-05-13T14:22:12.964287+00:00;WeatherWorker;1;OK;;
2026-05-13T14:22:12.340948+00:00;ButtWorker;1;FAIL;Nenhuma instância BUTT reconectada;
2026-05-13T14:21:48.348442+00:00;GuardianWorker;5;OK;;
2026-05-13T14:21:18.349746+00:00;GuardianWorker;5;OK;;
2026-05-13T14:20:48.375995+00:00;GuardianWorker;5;OK;;
2026-05-13T14:20:18.489303+00:00;GuardianWorker;5;OK;;
2026-05-13T14:20:12.353254+00:00;ButtWorker;1;FAIL;Nenhuma instância BUTT reconectada;
2026-05-13T14:19:48.315743+00:00;GuardianWorker;5;OK;;
2026-05-13T14:19:18.940275+00:00;GuardianWorker;5;OK;;
2026-05-13T14:18:48.445944+00:00;GuardianWorker;5;OK;;
2026-05-13T14:18:19.183478+00:00;GuardianWorker;5;OK;;
2026-05-13T14:18:12.340329+00:00;ButtWorker;1;FAIL;Nenhuma instância BUTT reconectada;
2026-05-13T14:17:49.253684+00:00;GuardianWorker;5;OK;;
2026-05-13T14:17:19.030037+00:00;GuardianWorker;5;OK;;
2026-05-13T14:17:14.311618+00:00;CuradoriaWorker;1;OK;;Nenhuma música pendente.
2026-05-13T14:16:49.235551+00:00;GuardianWorker;5;OK;;
2026-05-13T14:16:18.279136+00:00;GuardianWorker;5;OK;;
2026-05-13T14:16:12.321715+00:00;ButtWorker;1;FAIL;Nenhuma instância BUTT reconectada;
2026-05-13T14:15:48.193565+00:00;GuardianWorker;5;OK;;
2026-05-13T14:15:18.222011+00:00;GuardianWorker;5;OK;;
2026-05-13T14:14:48.469456+00:00;GuardianWorker;5;OK;;
2026-05-13T14:14:18.386963+00:00;GuardianWorker;5;OK;;
2026-05-13T14:14:12.366924+00:00;ButtWorker;1;FAIL;Nenhuma instância BUTT reconectada;
2026-05-13T14:13:48.400103+00:00;GuardianWorker;5;OK;;
2026-05-13T14:13:18.580903+00:00;GuardianWorker;5;OK;;
2026-05-13T14:12:48.278849+00:00;GuardianWorker;5;OK;;
2026-05-13T14:12:18.528786+00:00;GuardianWorker;5;OK;;
2026-05-13T14:12:14.415396+00:00;CuradoriaWorker;1;OK;;Nenhuma música pendente.
2026-05-13T14:12:12.364972+00:00;ButtWorker;1;FAIL;Nenhuma instância BUTT reconectada;
2026-05-13T14:11:48.262159+00:00;GuardianWorker;5;OK;;
2026-05-13T14:11:18.333929+00:00;GuardianWorker;5;OK;;
2026-05-13T14:10:48.180865+00:00;GuardianWorker;5;OK;;
2026-05-13T14:10:18.339600+00:00;GuardianWorker;5;OK;;
2026-05-13T14:10:12.352415+00:00;ButtWorker;1;FAIL;Nenhuma instância BUTT reconectada;
2026-05-13T14:09:48.315289+00:00;GuardianWorker;5;OK;;
2026-05-13T14:09:18.335559+00:00;GuardianWorker;5;OK;;
2026-05-13T14:08:48.307077+00:00;GuardianWorker;5;OK;;
2026-05-13T14:08:18.317398+00:00;GuardianWorker;5;OK;;
2026-05-13T14:08:12.326664+00:00;ButtWorker;1;FAIL;Nenhuma instância BUTT reconectada;
2026-05-13T14:07:48.202084+00:00;GuardianWorker;5;OK;;
2026-05-13T14:07:18.542569+00:00;GuardianWorker;5;OK;;
2026-05-13T14:07:14.332038+00:00;CuradoriaWorker;1;OK;;Nenhuma música pendente.
2026-05-13T14:06:48.276911+00:00;GuardianWorker;5;OK;;
2026-05-13T14:06:18.560783+00:00;GuardianWorker;5;OK;;
2026-05-13T14:06:12.410023+00:00;ButtWorker;1;FAIL;Nenhuma instância BUTT reconectada;
2026-05-13T14:05:48.158548+00:00;GuardianWorker;5;OK;;
2026-05-13T14:05:18.211098+00:00;GuardianWorker;5;OK;;
2026-05-13T14:04:48.218749+00:00;GuardianWorker;5;OK;;
2026-05-13T14:04:18.378894+00:00;GuardianWorker;5;OK;;
2026-05-13T14:04:12.350429+00:00;ButtWorker;1;FAIL;Nenhuma instância BUTT reconectada;
2026-05-13T14:03:48.300670+00:00;GuardianWorker;5;OK;;
2026-05-13T14:03:18.263659+00:00;GuardianWorker;5;OK;;
2026-05-13T14:02:48.251815+00:00;GuardianWorker;5;OK;;
2026-05-13T14:02:18.504947+00:00;GuardianWorker;5;OK;;
2026-05-13T14:02:14.274802+00:00;CuradoriaWorker;1;OK;;Nenhuma música pendente.
2026-05-13T14:02:12.382535+00:00;ButtWorker;1;FAIL;Nenhuma instância BUTT reconectada;
2026-05-13T14:01:48.360959+00:00;GuardianWorker;5;OK;;
2026-05-13T14:01:18.371594+00:00;GuardianWorker;5;OK;;
2026-05-13T14:00:48.228487+00:00;GuardianWorker;5;OK;;
2026-05-13T14:00:18.279577+00:00;GuardianWorker;5;OK;;
2026-05-13T14:00:12.343087+00:00;ButtWorker;1;FAIL;Nenhuma instância BUTT reconectada;
2026-05-13T13:59:48.276950+00:00;GuardianWorker;5;OK;;
2026-05-13T13:59:18.301362+00:00;GuardianWorker;5;OK;;
2026-05-13T13:58:48.202175+00:00;GuardianWorker;5;OK;;
2026-05-13T13:58:19.080692+00:00;GuardianWorker;5;OK;;
2026-05-13T13:58:12.346900+00:00;ButtWorker;1;FAIL;Nenhuma instância BUTT reconectada;
2026-05-13T13:58:02.880113+00:00;DownloaderWorker;35;FAIL;"Erro DB em Liniker - Greatest Hits: (sqlite3.IntegrityError) UNIQUE constraint failed: musicas.caminho
[SQL: INSERT INTO musicas (caminho, artista, titulo, estilo, energia, duracao, auditado_acustica, redflag, mood, ultima_reproducao, vezes_tocada, ai_insight) VALUES (?, ?, ?, ?, ?, ?, ?, ?, ?, ?, ?, ?)]
[parameters: ('D:\\RADIO\\QUARENTENA_TJ\\Liniker - Greatest Hits.mp3', 'LINIKER', 'Greatest Hits', 'outros', 3, 210, 0, 0, None, None, 0, None)]
(Background on this error at: https://sqlalche.me/e/20/gkpj)|Erro DB em Luedji Luna - Greatest Hits: (sqlite3.IntegrityError) UNIQUE constraint failed: musicas.caminho
[SQL: INSERT INTO musicas (caminho, artista, titulo, estilo, energia, duracao, auditado_acustica, redflag, mood, ultima_reproducao, vezes_tocada, ai_insight) VALUES (?, ?, ?, ?, ?, ?, ?, ?, ?, ?, ?, ?)]
[parameters: ('D:\\RADIO\\QUARENTENA_TJ\\Luedji Luna - Greatest Hits.mp3', 'LUEDJI LUNA', 'Greatest Hits', 'outros', 3, 210, 0, 0, None, None, 0, None)]
(Background on this error at: https://sqlalche.me/e/20/gkpj)|Erro DB em Baco Exu do Blues - Greatest Hits: (sqlite3.IntegrityError) UNIQUE constraint failed: musicas.caminho
[SQL: INSERT INTO musicas (caminho, artista, titulo, estilo, energia, duracao, auditado_acustica, redflag, mood, ultima_reproducao, vezes_tocada, ai_insight) VALUES (?, ?, ?, ?, ?, ?, ?, ?, ?, ?, ?, ?)]
[parameters: ('D:\\RADIO\\QUARENTENA_TJ\\Baco Exu do Blues - Greatest Hits.mp3', 'BACO EXU DO BLUES', 'Greatest Hits', 'outros', 3, 210, 0, 0, None, None, 0, None)]
(Background on this error at: https://sqlalche.me/e/20/gkpj)|Erro DB em Silva - Greatest Hits: (sqlite3.IntegrityError) UNIQUE constraint failed: musicas.caminho
[SQL: INSERT INTO musicas (caminho, artista, titulo, estilo, energia, duracao, auditado_acustica, redflag, mood, ultima_reproducao, vezes_tocada, ai_insight) VALUES (?, ?, ?, ?, ?, ?, ?, ?, ?, ?, ?, ?)]
[parameters: ('D:\\RADIO\\QUARENTENA_TJ\\Silva - Greatest Hits.mp3', 'SILVA', 'Greatest Hits', 'outros', 3, 210, 0, 0, None, None, 0, None)]
(Background on this error at: https://sqlalche.me/e/20/gkpj)|Erro DB em Anavitória - Greatest Hits: (sqlite3.IntegrityError) UNIQUE constraint failed: musicas.caminho
[SQL: INSERT INTO musicas (caminho, artista, titulo, estilo, energia, duracao, auditado_acustica, redflag, mood, ultima_reproducao, vezes_tocada, ai_insight) VALUES (?, ?, ?, ?, ?, ?, ?, ?, ?, ?, ?, ?)]
[parameters: ('D:\\RADIO\\QUARENTENA_TJ\\Anavitória - Greatest Hits.mp3', 'ANAVITÓRIA', 'Greatest Hits', 'outros', 3, 210, 0, 0, None, None, 0, None)]
(Background on this error at: https://sqlalche.me/e/20/gkpj)|Erro DB em Fleetwood Mac - Greatest Hits: (sqlite3.IntegrityError) UNIQUE constraint failed: musicas.caminho
[SQL: INSERT INTO musicas (caminho, artista, titulo, estilo, energia, duracao, auditado_acustica, redflag, mood, ultima_reproducao, vezes_tocada, ai_insight) VALUES (?, ?, ?, ?, ?, ?, ?, ?, ?, ?, ?, ?)]
[parameters: ('D:\\RADIO\\QUARENTENA_TJ\\Fleetwood Mac - Greatest Hits.mp3', 'FLEETWOOD MAC', 'Greatest Hits', 'outros', 3, 210, 0, 0, None, None, 0, None)]
(Background on this error at: https://sqlalche.me/e/20/gkpj)|Erro DB em Santanna Cantador - Greatest Hits: (sqlite3.IntegrityError) UNIQUE constraint failed: musicas.caminho
[SQL: INSERT INTO musicas (caminho, artista, titulo, estilo, energia, duracao, auditado_acustica, redflag, mood, ultima_reproducao, vezes_tocada, ai_insight) VALUES (?, ?, ?, ?, ?, ?, ?, ?, ?, ?, ?, ?)]
[parameters: ('D:\\RADIO\\QUARENTENA_TJ\\Santanna Cantador - Greatest Hits.mp3', 'SANTANNA CANTADOR', 'Greatest Hits', 'outros', 3, 210, 0, 0, None, None, 0, None)]
(Background on this error at: https://sqlalche.me/e/20/gkpj)";
2026-05-13T13:57:49.178020+00:00;GuardianWorker;5;OK;;
2026-05-13T13:57:19.044281+00:00;GuardianWorker;5;OK;;
2026-05-13T13:57:14.440241+00:00;CuradoriaWorker;1;OK;;Nenhuma música pendente.
2026-05-13T13:56:48.716837+00:00;GuardianWorker;5;OK;;
2026-05-13T13:56:18.969591+00:00;GuardianWorker;5;OK;;
2026-05-13T13:56:12.339585+00:00;ButtWorker;1;FAIL;Nenhuma instância BUTT reconectada;
2026-05-13T13:55:48.912496+00:00;GuardianWorker;5;OK;;
2026-05-13T13:55:18.308571+00:00;GuardianWorker;5;OK;;
2026-05-13T13:54:48.897066+00:00;GuardianWorker;5;OK;;
2026-05-13T13:54:21.707679+00:00;GuardianWorker;5;OK;;
2026-05-13T13:54:12.441319+00:00;ButtWorker;1;FAIL;Nenhuma instância BUTT reconectada;
2026-05-13T13:53:49.326032+00:00;GuardianWorker;5;OK;;
2026-05-13T13:53:19.260041+00:00;GuardianWorker;5;OK;;
2026-05-13T13:52:49.635950+00:00;GuardianWorker;5;OK;;
2026-05-13T13:51:02.340317+00:00;GuardianWorker;5;OK;;
2026-05-13T13:50:32.456834+00:00;GuardianWorker;5;OK;;
2026-05-13T13:50:25.957727+00:00;ButtWorker;1;FAIL;Nenhuma instância BUTT reconectada;
2026-05-13T13:50:03.009936+00:00;GuardianWorker;-10;FAIL;🔇 ALERTA: Silêncio detectado por 27s! Tentando retomar Play.;
2026-05-13T13:49:31.691027+00:00;GuardianWorker;5;OK;;
2026-05-13T13:49:01.893200+00:00;GuardianWorker;5;OK;;
2026-05-13T13:48:34.425082+00:00;GuardianWorker;-10;FAIL;🔇 ALERTA: Silêncio detectado por 29s! Tentando retomar Play.;
2026-05-13T13:48:27.905241+00:00;CuradoriaWorker;1;OK;;Nenhuma música pendente.
2026-05-13T13:48:26.127519+00:00;ButtWorker;1;FAIL;Nenhuma instância BUTT reconectada;
2026-05-13T13:48:02.456674+00:00;GuardianWorker;5;OK;;
2026-05-13T13:47:32.177899+00:00;GuardianWorker;5;OK;;
2026-05-13T13:47:03.471804+00:00;GuardianWorker;-10;FAIL;🔇 ALERTA: Silêncio detectado por 28s! Tentando retomar Play.;
2026-05-13T13:46:32.290419+00:00;GuardianWorker;5;OK;;
2026-05-13T13:46:25.956839+00:00;ButtWorker;1;FAIL;Nenhuma instância BUTT reconectada;
2026-05-13T13:46:02.377851+00:00;GuardianWorker;5;OK;;
2026-05-13T13:45:33.525908+00:00;GuardianWorker;-10;FAIL;🔇 ALERTA: Silêncio detectado por 28s! Tentando retomar Play.;
2026-05-13T13:45:03.023486+00:00;GuardianWorker;5;OK;;
2026-05-13T13:44:33.100824+00:00;GuardianWorker;5;OK;;
2026-05-13T13:44:25.992495+00:00;ButtWorker;1;FAIL;Nenhuma instância BUTT reconectada;
2026-05-13T13:44:04.190838+00:00;GuardianWorker;-10;FAIL;🔇 ALERTA: Silêncio detectado por 29s! Tentando retomar Play.;
2026-05-13T13:43:33.333739+00:00;GuardianWorker;5;OK;;
2026-05-13T13:43:28.104396+00:00;CuradoriaWorker;2;OK;;
2026-05-13T13:43:02.797155+00:00;GuardianWorker;5;OK;;
2026-05-13T13:42:33.665316+00:00;GuardianWorker;-10;FAIL;🔇 ALERTA: Silêncio detectado por 28s! Tentando retomar Play.;
2026-05-13T13:42:25.974085+00:00;ButtWorker;1;FAIL;Nenhuma instância BUTT reconectada;
2026-05-13T13:42:02.736009+00:00;GuardianWorker;5;OK;;
2026-05-13T13:41:32.273406+00:00;GuardianWorker;5;OK;;
2026-05-13T13:41:03.470169+00:00;GuardianWorker;-10;FAIL;🔇 ALERTA: Silêncio detectado por 27s! Tentando retomar Play.;
2026-05-13T13:40:33.650453+00:00;GuardianWorker;5;OK;;
2026-05-13T13:40:26.067144+00:00;ButtWorker;1;FAIL;Nenhuma instância BUTT reconectada;
2026-05-13T13:40:21.931763+00:00;DownloaderWorker;40;OK;;
2026-05-13T13:40:04.168886+00:00;GuardianWorker;5;OK;;
2026-05-13T13:39:34.460556+00:00;GuardianWorker;-10;FAIL;🔇 ALERTA: Silêncio detectado por 27s! Tentando retomar Play.;
2026-05-13T13:39:03.250115+00:00;GuardianWorker;5;OK;;
2026-05-13T13:38:32.724675+00:00;GuardianWorker;5;OK;;
2026-05-13T13:38:28.436449+00:00;CuradoriaWorker;4;OK;;
2026-05-13T13:38:26.055705+00:00;ButtWorker;1;FAIL;Nenhuma instância BUTT reconectada;
2026-05-13T13:38:05.286672+00:00;GuardianWorker;-10;FAIL;🔇 ALERTA: Silêncio detectado por 29s! Tentando retomar Play.;
2026-05-13T13:37:32.339619+00:00;GuardianWorker;5;OK;;
2026-05-13T13:37:06.125107+00:00;GuardianWorker;5;OK;;
2026-05-13T13:36:34.572786+00:00;GuardianWorker;-10;FAIL;🔇 ALERTA: Silêncio detectado por 27s! Tentando retomar Play.;
2026-05-13T13:36:25.972051+00:00;ButtWorker;1;FAIL;Nenhuma instância BUTT reconectada;
2026-05-13T13:36:03.614193+00:00;GuardianWorker;5;OK;;
2026-05-13T13:35:34.052319+00:00;GuardianWorker;5;OK;;
2026-05-13T13:35:05.473653+00:00;GuardianWorker;-10;FAIL;🔇 ALERTA: Silêncio detectado por 31s! Tentando retomar Play.;
2026-05-13T13:34:33.065579+00:00;GuardianWorker;5;OK;;
2026-05-13T13:34:25.985184+00:00;ButtWorker;1;FAIL;Nenhuma instância BUTT reconectada;
2026-05-13T13:34:02.916795+00:00;GuardianWorker;5;OK;;
2026-05-13T13:33:43.306293+00:00;CuradoriaWorker;10;OK;;
2026-05-13T13:33:32.663982+00:00;GuardianWorker;-10;FAIL;🔇 ALERTA: Silêncio detectado por 25s! Tentando retomar Play.;
2026-05-13T13:33:11.181589+00:00;GuardianWorker;5;OK;;
2026-05-13T13:32:35.185683+00:00;GuardianWorker;5;OK;;
2026-05-13T13:32:26.065508+00:00;ButtWorker;1;FAIL;Nenhuma instância BUTT reconectada;
2026-05-13T13:32:05.753636+00:00;GuardianWorker;-10;FAIL;🔇 ALERTA: Silêncio detectado por 30s! Tentando retomar Play.;
2026-05-13T13:31:33.530727+00:00;GuardianWorker;5;OK;;
2026-05-13T13:31:03.425625+00:00;GuardianWorker;5;OK;;
2026-05-13T13:30:33.731289+00:00;GuardianWorker;-10;FAIL;🔇 ALERTA: Silêncio detectado por 27s! Tentando retomar Play.;
2026-05-13T13:30:25.970737+00:00;ButtWorker;1;FAIL;Nenhuma instância BUTT reconectada;
2026-05-13T13:30:02.968446+00:00;GuardianWorker;5;OK;;
2026-05-13T13:29:33.209215+00:00;GuardianWorker;5;OK;;
2026-05-13T13:29:04.747597+00:00;GuardianWorker;-10;FAIL;🔇 ALERTA: Silêncio detectado por 38s! Tentando retomar Play.;
2026-05-13T13:26:28.040164+00:00;GuardianWorker;5;OK;;
2026-05-13T13:26:27.530091+00:00;CuradoriaWorker;1;OK;;Nenhuma música pendente.
2026-05-13T13:26:25.494888+00:00;ButtWorker;1;FAIL;Nenhuma instância BUTT reconectada;
2026-05-13T13:26:25.170982+00:00;WeatherWorker;1;OK;;
2026-05-13T13:25:57.694355+00:00;GuardianWorker;5;OK;;
2026-05-13T13:25:27.705352+00:00;GuardianWorker;5;OK;;
2026-05-13T13:24:57.702049+00:00;GuardianWorker;5;OK;;
2026-05-13T13:24:27.724188+00:00;GuardianWorker;5;OK;;
2026-05-13T13:24:25.474761+00:00;ButtWorker;1;FAIL;Nenhuma instância BUTT reconectada;
2026-05-13T13:23:58.096288+00:00;GuardianWorker;5;OK;;
2026-05-13T13:23:27.749758+00:00;GuardianWorker;5;OK;;
2026-05-13T13:22:57.876344+00:00;GuardianWorker;5;OK;;
2026-05-13T13:22:27.643668+00:00;GuardianWorker;5;OK;;
2026-05-13T13:22:25.475767+00:00;ButtWorker;1;FAIL;Nenhuma instância BUTT reconectada;
2026-05-13T13:21:57.666671+00:00;GuardianWorker;5;OK;;
2026-05-13T13:21:27.681677+00:00;GuardianWorker;5;OK;;
2026-05-13T13:21:27.489633+00:00;CuradoriaWorker;1;OK;;Nenhuma música pendente.
2026-05-13T13:20:57.522262+00:00;GuardianWorker;5;OK;;
2026-05-13T13:20:27.679749+00:00;GuardianWorker;5;OK;;
2026-05-13T13:20:25.471218+00:00;ButtWorker;1;FAIL;Nenhuma instância BUTT reconectada;
2026-05-13T13:19:57.664003+00:00;GuardianWorker;5;OK;;
2026-05-13T13:19:27.667315+00:00;GuardianWorker;5;OK;;
2026-05-13T13:18:57.679972+00:00;GuardianWorker;5;OK;;
2026-05-13T13:18:27.683385+00:00;GuardianWorker;5;OK;;
2026-05-13T13:18:25.479804+00:00;ButtWorker;1;FAIL;Nenhuma instância BUTT reconectada;
2026-05-13T13:17:57.676807+00:00;GuardianWorker;5;OK;;
2026-05-13T13:17:27.646810+00:00;GuardianWorker;5;OK;;
2026-05-13T13:16:57.671813+00:00;GuardianWorker;5;OK;;
2026-05-13T13:16:27.793931+00:00;GuardianWorker;5;OK;;
2026-05-13T13:16:27.421413+00:00;CuradoriaWorker;1;OK;;Nenhuma música pendente.
2026-05-13T13:16:25.488894+00:00;ButtWorker;1;FAIL;Nenhuma instância BUTT reconectada;
2026-05-13T13:15:57.779547+00:00;GuardianWorker;5;OK;;
2026-05-13T13:15:27.808362+00:00;GuardianWorker;5;OK;;
2026-05-13T13:14:57.966272+00:00;GuardianWorker;5;OK;;
2026-05-13T13:14:27.653148+00:00;GuardianWorker;5;OK;;
2026-05-13T13:14:25.467828+00:00;ButtWorker;1;FAIL;Nenhuma instância BUTT reconectada;
2026-05-13T13:13:57.590925+00:00;GuardianWorker;5;OK;;
2026-05-13T13:13:27.471189+00:00;GuardianWorker;5;OK;;
2026-05-13T13:12:57.556255+00:00;GuardianWorker;5;OK;;
2026-05-13T13:12:27.631363+00:00;GuardianWorker;5;OK;;
2026-05-13T13:12:25.484533+00:00;ButtWorker;1;FAIL;Nenhuma instância BUTT reconectada;
2026-05-13T13:11:57.524030+00:00;GuardianWorker;5;OK;;
2026-05-13T13:11:27.689229+00:00;CuradoriaWorker;1;OK;;Nenhuma música pendente.
2026-05-13T13:11:27.539910+00:00;GuardianWorker;5;OK;;
2026-05-13T13:10:57.511992+00:00;GuardianWorker;5;OK;;
2026-05-13T13:10:27.561944+00:00;GuardianWorker;5;OK;;
2026-05-13T13:10:25.489832+00:00;ButtWorker;1;FAIL;Nenhuma instância BUTT reconectada;
2026-05-13T13:09:57.420788+00:00;GuardianWorker;5;OK;;
2026-05-13T13:09:27.528469+00:00;GuardianWorker;5;OK;;
2026-05-13T13:08:58.027036+00:00;GuardianWorker;5;OK;;
2026-05-13T13:08:28.154329+00:00;GuardianWorker;5;OK;;
2026-05-13T13:08:25.616340+00:00;ButtWorker;1;FAIL;Nenhuma instância BUTT reconectada;
2026-05-13T13:07:57.587970+00:00;GuardianWorker;5;OK;;
2026-05-13T13:07:27.591048+00:00;GuardianWorker;5;OK;;
2026-05-13T13:06:57.582242+00:00;GuardianWorker;5;OK;;
2026-05-13T13:06:27.691326+00:00;GuardianWorker;5;OK;;
2026-05-13T13:06:27.516595+00:00;CuradoriaWorker;1;OK;;Nenhuma música pendente.
2026-05-13T13:06:25.494565+00:00;ButtWorker;1;FAIL;Nenhuma instância BUTT reconectada;
2026-05-13T13:05:57.576628+00:00;GuardianWorker;5;OK;;
2026-05-13T13:05:27.696074+00:00;GuardianWorker;5;OK;;
2026-05-13T13:04:57.622942+00:00;GuardianWorker;5;OK;;
2026-05-13T13:04:27.668130+00:00;GuardianWorker;5;OK;;
2026-05-13T13:04:25.474065+00:00;ButtWorker;1;FAIL;Nenhuma instância BUTT reconectada;
2026-05-13T13:03:57.641348+00:00;GuardianWorker;5;OK;;
2026-05-13T13:03:27.565192+00:00;GuardianWorker;5;OK;;
2026-05-13T13:02:57.598988+00:00;GuardianWorker;5;OK;;
2026-05-13T13:02:27.671998+00:00;GuardianWorker;5;OK;;
2026-05-13T13:02:25.480340+00:00;ButtWorker;1;FAIL;Nenhuma instância BUTT reconectada;
2026-05-13T13:01:57.561772+00:00;GuardianWorker;5;OK;;
2026-05-13T13:01:27.587226+00:00;GuardianWorker;5;OK;;
2026-05-13T13:01:27.390482+00:00;CuradoriaWorker;1;OK;;Nenhuma música pendente.
2026-05-13T13:01:25.997551+00:00;UpdateWorker;-5;FAIL;Build falhou;
2026-05-13T13:00:57.574740+00:00;GuardianWorker;5;OK;;
2026-05-13T13:00:27.658489+00:00;GuardianWorker;5;OK;;
2026-05-13T13:00:25.477400+00:00;ButtWorker;1;FAIL;Nenhuma instância BUTT reconectada;
2026-05-13T12:59:57.465788+00:00;GuardianWorker;5;OK;;
2026-05-13T12:59:27.564268+00:00;GuardianWorker;5;OK;;
2026-05-13T12:58:57.570272+00:00;GuardianWorker;5;OK;;
2026-05-13T12:58:27.607670+00:00;GuardianWorker;5;OK;;
2026-05-13T12:58:25.474451+00:00;ButtWorker;1;FAIL;Nenhuma instância BUTT reconectada;
2026-05-13T12:57:57.636007+00:00;GuardianWorker;5;OK;;
2026-05-13T12:57:27.549708+00:00;GuardianWorker;5;OK;;
2026-05-13T12:56:57.648081+00:00;GuardianWorker;5;OK;;
2026-05-13T12:56:29.814052+00:00;GuardianWorker;5;OK;;
2026-05-13T12:56:28.598521+00:00;CuradoriaWorker;1;OK;;Nenhuma música pendente.
2026-05-13T12:56:26.041235+00:00;AuditWorker;-1;FAIL;Artista 'O RAPPA' repete na janela de 80 músicas.;
2026-05-13T12:56:25.995288+00:00;ButtWorker;1;FAIL;Nenhuma instância BUTT reconectada;
2026-05-13T12:56:25.395966+00:00;WeatherWorker;1;OK;;
2026-05-13T12:55:57.711761+00:00;GuardianWorker;5;OK;;
2026-05-13T12:55:27.700005+00:00;GuardianWorker;5;OK;;
2026-05-13T12:54:57.726755+00:00;GuardianWorker;5;OK;;
2026-05-13T12:54:27.831825+00:00;GuardianWorker;5;OK;;
2026-05-13T12:54:25.495284+00:00;ButtWorker;1;FAIL;Nenhuma instância BUTT reconectada;
2026-05-13T12:53:58.032456+00:00;GuardianWorker;5;OK;;
2026-05-13T12:53:27.440932+00:00;GuardianWorker;5;OK;;
2026-05-13T12:52:57.443472+00:00;GuardianWorker;5;OK;;
2026-05-13T12:52:27.566766+00:00;GuardianWorker;5;OK;;
2026-05-13T12:52:25.478372+00:00;ButtWorker;1;FAIL;Nenhuma instância BUTT reconectada;
2026-05-13T12:51:57.556085+00:00;GuardianWorker;5;OK;;
2026-05-13T12:51:27.613102+00:00;CuradoriaWorker;1;OK;;Nenhuma música pendente.
2026-05-13T12:51:27.537587+00:00;GuardianWorker;5;OK;;
2026-05-13T12:50:57.804908+00:00;GuardianWorker;5;OK;;
2026-05-13T12:50:27.889700+00:00;GuardianWorker;5;OK;;
2026-05-13T12:50:25.610970+00:00;ButtWorker;1;FAIL;Nenhuma instância BUTT reconectada;
2026-05-13T12:49:57.563983+00:00;GuardianWorker;5;OK;;
2026-05-13T12:49:27.572332+00:00;GuardianWorker;5;OK;;
2026-05-13T12:48:57.600291+00:00;GuardianWorker;5;OK;;
2026-05-13T12:48:27.765040+00:00;GuardianWorker;5;OK;;
2026-05-13T12:48:25.489548+00:00;ButtWorker;1;FAIL;Nenhuma instância BUTT reconectada;
2026-05-13T12:47:57.998313+00:00;GuardianWorker;5;OK;;
2026-05-13T12:47:27.439409+00:00;GuardianWorker;5;OK;;
2026-05-13T12:46:57.441338+00:00;GuardianWorker;5;OK;;
2026-05-13T12:46:27.990417+00:00;CuradoriaWorker;1;OK;;Nenhuma música pendente.
2026-05-13T12:46:27.448570+00:00;GuardianWorker;5;OK;;
2026-05-13T12:46:25.481553+00:00;ButtWorker;1;FAIL;Nenhuma instância BUTT reconectada;
2026-05-13T12:45:57.496937+00:00;GuardianWorker;5;OK;;
2026-05-13T12:45:27.496016+00:00;GuardianWorker;5;OK;;
2026-05-13T12:44:57.421548+00:00;GuardianWorker;5;OK;;
2026-05-13T12:44:27.539495+00:00;GuardianWorker;5;OK;;
2026-05-13T12:44:25.470014+00:00;ButtWorker;1;FAIL;Nenhuma instância BUTT reconectada;
2026-05-13T12:43:57.501572+00:00;GuardianWorker;5;OK;;
2026-05-13T12:43:27.508807+00:00;GuardianWorker;5;OK;;
2026-05-13T12:42:57.520627+00:00;GuardianWorker;5;OK;;
2026-05-13T12:42:27.508308+00:00;GuardianWorker;5;OK;;
2026-05-13T12:42:25.479933+00:00;ButtWorker;1;FAIL;Nenhuma instância BUTT reconectada;
2026-05-13T12:41:57.489513+00:00;GuardianWorker;5;OK;;
2026-05-13T12:41:27.507542+00:00;CuradoriaWorker;1;OK;;Nenhuma música pendente.
2026-05-13T12:41:27.434880+00:00;GuardianWorker;5;OK;;
2026-05-13T12:40:57.482209+00:00;GuardianWorker;5;OK;;
2026-05-13T12:40:27.486026+00:00;GuardianWorker;5;OK;;
2026-05-13T12:40:25.472410+00:00;ButtWorker;1;FAIL;Nenhuma instância BUTT reconectada;
2026-05-13T12:39:57.483816+00:00;GuardianWorker;5;OK;;
2026-05-13T12:39:27.550302+00:00;GuardianWorker;5;OK;;
2026-05-13T12:38:57.500955+00:00;GuardianWorker;5;OK;;
2026-05-13T12:38:27.423152+00:00;GuardianWorker;5;OK;;
2026-05-13T12:38:25.471847+00:00;ButtWorker;1;FAIL;Nenhuma instância BUTT reconectada;
2026-05-13T12:37:57.631039+00:00;GuardianWorker;5;OK;;
2026-05-13T12:37:27.646132+00:00;GuardianWorker;5;OK;;
2026-05-13T12:36:57.554653+00:00;GuardianWorker;5;OK;;
2026-05-13T12:36:27.567988+00:00;CuradoriaWorker;1;OK;;Nenhuma música pendente.
2026-05-13T12:36:27.522259+00:00;GuardianWorker;5;OK;;
2026-05-13T12:36:25.504481+00:00;ButtWorker;1;FAIL;Nenhuma instância BUTT reconectada;
2026-05-13T12:35:57.466112+00:00;GuardianWorker;5;OK;;
2026-05-13T12:35:27.483179+00:00;GuardianWorker;5;OK;;
2026-05-13T12:34:57.629885+00:00;GuardianWorker;5;OK;;
2026-05-13T12:34:27.487184+00:00;GuardianWorker;5;OK;;
2026-05-13T12:34:25.497620+00:00;ButtWorker;1;FAIL;Nenhuma instância BUTT reconectada;
2026-05-13T12:33:57.592225+00:00;GuardianWorker;5;OK;;
2026-05-13T12:33:27.455581+00:00;GuardianWorker;5;OK;;
2026-05-13T12:32:57.637251+00:00;GuardianWorker;5;OK;;
2026-05-13T12:32:27.634724+00:00;GuardianWorker;5;OK;;
2026-05-13T12:32:25.489621+00:00;ButtWorker;1;FAIL;Nenhuma instância BUTT reconectada;
2026-05-13T12:31:57.727403+00:00;GuardianWorker;5;OK;;
2026-05-13T12:31:27.568721+00:00;GuardianWorker;5;OK;;
2026-05-13T12:31:27.404297+00:00;CuradoriaWorker;1;OK;;Nenhuma música pendente.
2026-05-13T12:30:57.592719+00:00;GuardianWorker;5;OK;;
2026-05-13T12:30:27.698032+00:00;GuardianWorker;5;OK;;
2026-05-13T12:30:25.602451+00:00;ButtWorker;1;FAIL;Nenhuma instância BUTT reconectada;
2026-05-13T12:29:57.597115+00:00;GuardianWorker;5;OK;;
2026-05-13T12:29:27.540724+00:00;GuardianWorker;5;OK;;
2026-05-13T12:28:57.605901+00:00;GuardianWorker;5;OK;;
2026-05-13T12:28:27.632415+00:00;GuardianWorker;5;OK;;
2026-05-13T12:28:25.485906+00:00;ButtWorker;1;FAIL;Nenhuma instância BUTT reconectada;
2026-05-13T12:27:57.714042+00:00;GuardianWorker;5;OK;;
2026-05-13T12:27:27.611423+00:00;GuardianWorker;5;OK;;
2026-05-13T12:26:57.662149+00:00;GuardianWorker;5;OK;;
2026-05-13T12:26:27.730140+00:00;CuradoriaWorker;1;OK;;Nenhuma música pendente.
2026-05-13T12:26:27.678846+00:00;GuardianWorker;5;OK;;
2026-05-13T12:26:25.525573+00:00;ButtWorker;1;FAIL;Nenhuma instância BUTT reconectada;
2026-05-13T12:26:25.167388+00:00;WeatherWorker;1;OK;;
2026-05-13T12:25:57.588283+00:00;GuardianWorker;5;OK;;
2026-05-13T12:25:27.637292+00:00;GuardianWorker;5;OK;;
2026-05-13T12:24:57.621205+00:00;GuardianWorker;5;OK;;
2026-05-13T12:24:27.611244+00:00;GuardianWorker;5;OK;;
2026-05-13T12:24:25.632000+00:00;ButtWorker;1;FAIL;Nenhuma instância BUTT reconectada;
2026-05-13T12:23:57.673831+00:00;GuardianWorker;5;OK;;
2026-05-13T12:23:27.629414+00:00;GuardianWorker;5;OK;;
2026-05-13T12:22:57.612171+00:00;GuardianWorker;5;OK;;
2026-05-13T12:22:27.619661+00:00;GuardianWorker;5;OK;;
2026-05-13T12:22:25.481276+00:00;ButtWorker;1;FAIL;Nenhuma instância BUTT reconectada;
2026-05-13T12:21:57.476141+00:00;GuardianWorker;5;OK;;
2026-05-13T12:21:27.717303+00:00;CuradoriaWorker;1;OK;;Nenhuma música pendente.
2026-05-13T12:21:27.472640+00:00;GuardianWorker;5;OK;;
2026-05-13T12:20:57.497236+00:00;GuardianWorker;5;OK;;
2026-05-13T12:20:27.591771+00:00;GuardianWorker;5;OK;;
2026-05-13T12:20:25.498791+00:00;ButtWorker;1;FAIL;Nenhuma instância BUTT reconectada;
2026-05-13T12:19:57.508613+00:00;GuardianWorker;5;OK;;
2026-05-13T12:19:27.590798+00:00;GuardianWorker;5;OK;;
2026-05-13T12:18:57.585992+00:00;GuardianWorker;5;OK;;
2026-05-13T12:18:27.611181+00:00;GuardianWorker;5;OK;;
2026-05-13T12:18:25.498744+00:00;ButtWorker;1;FAIL;Nenhuma instância BUTT reconectada;
2026-05-13T12:17:57.440131+00:00;GuardianWorker;5;OK;;
2026-05-13T12:17:27.459486+00:00;GuardianWorker;5;OK;;
2026-05-13T12:16:57.499023+00:00;GuardianWorker;5;OK;;
2026-05-13T12:16:27.579385+00:00;CuradoriaWorker;1;OK;;Nenhuma música pendente.
2026-05-13T12:16:27.470244+00:00;GuardianWorker;5;OK;;
2026-05-13T12:16:25.491150+00:00;ButtWorker;1;FAIL;Nenhuma instância BUTT reconectada;
2026-05-13T12:15:57.460561+00:00;GuardianWorker;5;OK;;
2026-05-13T12:15:27.403736+00:00;GuardianWorker;5;OK;;
2026-05-13T12:14:57.384012+00:00;GuardianWorker;5;OK;;
2026-05-13T12:14:27.445427+00:00;GuardianWorker;5;OK;;
2026-05-13T12:14:25.479385+00:00;ButtWorker;1;FAIL;Nenhuma instância BUTT reconectada;
2026-05-13T12:13:57.402059+00:00;GuardianWorker;5;OK;;
2026-05-13T12:13:27.363506+00:00;GuardianWorker;5;OK;;
2026-05-13T12:12:57.334065+00:00;GuardianWorker;5;OK;;
2026-05-13T12:12:27.358359+00:00;GuardianWorker;5;OK;;
2026-05-13T12:12:25.473412+00:00;ButtWorker;1;FAIL;Nenhuma instância BUTT reconectada;
2026-05-13T12:11:57.365592+00:00;GuardianWorker;5;OK;;
2026-05-13T12:11:29.023023+00:00;CuradoriaWorker;1;OK;;Nenhuma música pendente.
2026-05-13T12:11:27.368330+00:00;GuardianWorker;5;OK;;
2026-05-13T12:10:57.399528+00:00;GuardianWorker;5;OK;;
2026-05-13T12:10:27.404884+00:00;GuardianWorker;5;OK;;
2026-05-13T12:10:25.500964+00:00;ButtWorker;1;FAIL;Nenhuma instância BUTT reconectada;
2026-05-13T12:09:57.375021+00:00;GuardianWorker;5;OK;;
2026-05-13T12:09:27.375857+00:00;GuardianWorker;5;OK;;
2026-05-13T12:08:57.402263+00:00;GuardianWorker;5;OK;;
2026-05-13T12:08:27.381787+00:00;GuardianWorker;5;OK;;
2026-05-13T12:08:25.469834+00:00;ButtWorker;1;FAIL;Nenhuma instância BUTT reconectada;
2026-05-13T12:07:57.357859+00:00;GuardianWorker;5;OK;;
2026-05-13T12:07:27.367726+00:00;GuardianWorker;5;OK;;
2026-05-13T12:06:57.366752+00:00;GuardianWorker;5;OK;;
2026-05-13T12:06:27.361943+00:00;CuradoriaWorker;1;OK;;Nenhuma música pendente.
2026-05-13T12:06:27.359492+00:00;GuardianWorker;5;OK;;
2026-05-13T12:06:25.468197+00:00;ButtWorker;1;FAIL;Nenhuma instância BUTT reconectada;
2026-05-13T12:05:57.353643+00:00;GuardianWorker;5;OK;;
2026-05-13T12:05:27.363048+00:00;GuardianWorker;5;OK;;
2026-05-13T12:04:57.352421+00:00;GuardianWorker;5;OK;;
2026-05-13T12:04:27.354510+00:00;GuardianWorker;5;OK;;
2026-05-13T12:04:25.467337+00:00;ButtWorker;1;FAIL;Nenhuma instância BUTT reconectada;
2026-05-13T12:03:57.402960+00:00;GuardianWorker;5;OK;;
2026-05-13T12:03:27.403919+00:00;GuardianWorker;5;OK;;
2026-05-13T12:02:57.362691+00:00;GuardianWorker;5;OK;;
2026-05-13T12:02:27.388802+00:00;GuardianWorker;5;OK;;
2026-05-13T12:02:25.475327+00:00;ButtWorker;1;FAIL;Nenhuma instância BUTT reconectada;
2026-05-13T12:01:57.340534+00:00;GuardianWorker;5;OK;;
2026-05-13T12:01:28.034189+00:00;CuradoriaWorker;1;OK;;Nenhuma música pendente.
2026-05-13T12:01:27.340138+00:00;GuardianWorker;5;OK;;
2026-05-13T12:00:57.338648+00:00;GuardianWorker;5;OK;;
2026-05-13T12:00:27.331562+00:00;GuardianWorker;5;OK;;
2026-05-13T12:00:25.465745+00:00;ButtWorker;1;FAIL;Nenhuma instância BUTT reconectada;
2026-05-13T11:59:57.366199+00:00;GuardianWorker;5;OK;;
2026-05-13T11:59:27.405715+00:00;GuardianWorker;5;OK;;
2026-05-13T11:58:57.442376+00:00;GuardianWorker;5;OK;;
2026-05-13T11:58:27.451192+00:00;GuardianWorker;5;OK;;
2026-05-13T11:58:25.484264+00:00;ButtWorker;1;FAIL;Nenhuma instância BUTT reconectada;
2026-05-13T11:57:57.340453+00:00;GuardianWorker;5;OK;;
2026-05-13T11:57:27.341407+00:00;GuardianWorker;5;OK;;
2026-05-13T11:56:57.798783+00:00;GuardianWorker;5;OK;;
2026-05-13T11:55:49.196440+00:00;GuardianWorker;5;OK;;
2026-05-11T14:00:53.863162+00:00;CuradoriaWorker;1;OK;;Nenhuma música pendente.
2026-05-11T14:00:29.971707+00:00;GuardianWorker;5;OK;;
2026-05-11T14:00:09.381479+00:00;DownloaderWorker;-4;FAIL;"Falha no download de Liniker - Greatest Hits: [0;31mERROR:[0m Postprocessing: ffprobe and ffmpeg not found. Please install or provide the path using --ffmpeg-location|Falha no download de Luedji Luna - Greatest Hits: [0;31mERROR:[0m Postprocessing: ffprobe and ffmpeg not found. Please install or provide the path using --ffmpeg-location";
2026-05-11T14:00:00.061478+00:00;GuardianWorker;5;OK;;
2026-05-11T13:59:54.149900+00:00;ButtWorker;1;FAIL;Nenhuma instância BUTT reconectada;
2026-05-11T13:59:30.208011+00:00;GuardianWorker;5;OK;;
2026-05-11T13:59:00.578970+00:00;GuardianWorker;5;OK;;
2026-05-11T13:58:30.265761+00:00;GuardianWorker;5;OK;;
2026-05-11T13:57:59.909503+00:00;GuardianWorker;5;OK;;
2026-05-11T13:57:54.151456+00:00;ButtWorker;1;FAIL;Nenhuma instância BUTT reconectada;
2026-05-11T13:57:30.051838+00:00;GuardianWorker;5;OK;;
2026-05-11T13:57:00.124972+00:00;GuardianWorker;5;OK;;
2026-05-11T13:56:30.086258+00:00;GuardianWorker;5;OK;;
2026-05-11T13:56:00.527656+00:00;GuardianWorker;5;OK;;
2026-05-11T13:55:54.203095+00:00;ButtWorker;1;FAIL;Nenhuma instância BUTT reconectada;
2026-05-11T13:55:53.841976+00:00;WeatherWorker;1;OK;;
2026-05-11T13:55:53.837310+00:00;CuradoriaWorker;1;OK;;Nenhuma música pendente.
2026-05-11T13:55:30.103649+00:00;GuardianWorker;5;OK;;
2026-05-11T13:55:00.022404+00:00;GuardianWorker;5;OK;;
2026-05-11T13:54:30.079129+00:00;GuardianWorker;5;OK;;
2026-05-11T13:54:00.334197+00:00;GuardianWorker;5;OK;;
2026-05-11T13:53:54.157188+00:00;ButtWorker;1;FAIL;Nenhuma instância BUTT reconectada;
2026-05-11T13:53:30.277176+00:00;GuardianWorker;5;OK;;
2026-05-11T13:52:59.933604+00:00;GuardianWorker;5;OK;;
2026-05-11T13:52:30.145801+00:00;GuardianWorker;5;OK;;
2026-05-11T13:52:00.739299+00:00;GuardianWorker;5;OK;;
2026-05-11T13:51:54.396861+00:00;ButtWorker;1;FAIL;Nenhuma instância BUTT reconectada;
2026-05-11T13:51:30.486758+00:00;GuardianWorker;5;OK;;
2026-05-11T13:51:00.275941+00:00;GuardianWorker;5;OK;;
2026-05-11T13:50:53.861023+00:00;CuradoriaWorker;1;OK;;Nenhuma música pendente.
2026-05-11T13:50:30.287860+00:00;GuardianWorker;5;OK;;
2026-05-11T13:50:00.334008+00:00;GuardianWorker;5;OK;;
2026-05-11T13:49:54.153516+00:00;ButtWorker;1;FAIL;Nenhuma instância BUTT reconectada;
2026-05-11T13:49:30.161435+00:00;GuardianWorker;5;OK;;
2026-05-11T13:49:00.179703+00:00;GuardianWorker;5;OK;;
2026-05-11T13:48:30.178771+00:00;GuardianWorker;5;OK;;
2026-05-11T13:48:00.318792+00:00;GuardianWorker;5;OK;;
2026-05-11T13:47:54.154951+00:00;ButtWorker;1;FAIL;Nenhuma instância BUTT reconectada;
2026-05-11T13:47:31.695781+00:00;GuardianWorker;5;OK;;
2026-05-11T13:47:01.295345+00:00;GuardianWorker;5;OK;;
2026-05-11T13:46:30.605195+00:00;GuardianWorker;5;OK;;
2026-05-11T13:46:01.004686+00:00;GuardianWorker;5;OK;;
2026-05-11T13:45:54.192212+00:00;ButtWorker;1;FAIL;Nenhuma instância BUTT reconectada;
2026-05-11T13:45:53.876926+00:00;CuradoriaWorker;1;OK;;Nenhuma música pendente.
2026-05-11T13:45:30.124318+00:00;GuardianWorker;5;OK;;
2026-05-11T13:45:00.129236+00:00;GuardianWorker;5;OK;;
2026-05-11T13:44:30.182544+00:00;GuardianWorker;5;OK;;
2026-05-11T13:44:01.090156+00:00;GuardianWorker;5;OK;;
2026-05-11T13:43:54.183618+00:00;ButtWorker;1;FAIL;Nenhuma instância BUTT reconectada;
2026-05-11T13:43:30.349853+00:00;GuardianWorker;5;OK;;
2026-05-11T13:43:00.615030+00:00;GuardianWorker;5;OK;;
2026-05-11T13:42:30.387386+00:00;GuardianWorker;5;OK;;
2026-05-11T13:42:00.679639+00:00;GuardianWorker;5;OK;;
2026-05-11T13:41:54.172475+00:00;ButtWorker;1;FAIL;Nenhuma instância BUTT reconectada;
2026-05-11T13:41:30.494693+00:00;GuardianWorker;5;OK;;
2026-05-11T13:41:00.341189+00:00;GuardianWorker;5;OK;;
2026-05-11T13:40:53.841002+00:00;CuradoriaWorker;1;OK;;Nenhuma música pendente.
2026-05-11T13:40:30.088249+00:00;GuardianWorker;5;OK;;
2026-05-11T13:40:00.400711+00:00;GuardianWorker;5;OK;;
2026-05-11T13:39:54.145575+00:00;ButtWorker;1;FAIL;Nenhuma instância BUTT reconectada;
2026-05-11T13:39:43.916604+00:00;DownloaderWorker;-16;FAIL;"Falha no download de Liniker - Greatest Hits: [0;31mERROR:[0m Postprocessing: ffprobe and ffmpeg not found. Please install or provide the path using --ffmpeg-location|Falha no download de Luedji Luna - Greatest Hits: [0;31mERROR:[0m Postprocessing: ffprobe and ffmpeg not found. Please install or provide the path using --ffmpeg-location|Falha no download de Baco Exu do Blues - Greatest Hits: [0;31mERROR:[0m Postprocessing: ffprobe and ffmpeg not found. Please install or provide the path using --ffmpeg-location|Falha no download de Silva - Greatest Hits: [0;31mERROR:[0m Postprocessing: ffprobe and ffmpeg not found. Please install or provide the path using --ffmpeg-location|Falha no download de Anavitória - Greatest Hits: [0;31mERROR:[0m Postprocessing: ffprobe and ffmpeg not found. Please install or provide the path using --ffmpeg-location|Falha no download de U2 - Greatest Hits: [0;31mERROR:[0m Postprocessing: ffprobe and ffmpeg not found. Please install or provide the path using --ffmpeg-location|Falha no download de Fleetwood Mac - Greatest Hits: [0;31mERROR:[0m Postprocessing: ffprobe and ffmpeg not found. Please install or provide the path using --ffmpeg-location|Falha no download de Santanna Cantador - Greatest Hits: [0;31mERROR:[0m Postprocessing: ffprobe and ffmpeg not found. Please install or provide the path using --ffmpeg-location";
2026-05-11T13:39:36.044699+00:00;GuardianWorker;5;OK;;
2026-05-11T13:39:10.496978+00:00;DownloaderWorker;-16;FAIL;"Falha no download de Liniker - Greatest Hits: [0;31mERROR:[0m Postprocessing: ffprobe and ffmpeg not found. Please install or provide the path using --ffmpeg-location|Falha no download de Luedji Luna - Greatest Hits: [0;31mERROR:[0m Postprocessing: ffprobe and ffmpeg not found. Please install or provide the path using --ffmpeg-location|Falha no download de Baco Exu do Blues - Greatest Hits: [0;31mERROR:[0m Postprocessing: ffprobe and ffmpeg not found. Please install or provide the path using --ffmpeg-location|Falha no download de Silva - Greatest Hits: [0;31mERROR:[0m Postprocessing: ffprobe and ffmpeg not found. Please install or provide the path using --ffmpeg-location|Falha no download de Anavitória - Greatest Hits: [0;31mERROR:[0m Postprocessing: ffprobe and ffmpeg not found. Please install or provide the path using --ffmpeg-location|Falha no download de U2 - Greatest Hits: [0;31mERROR:[0m Postprocessing: ffprobe and ffmpeg not found. Please install or provide the path using --ffmpeg-location|Falha no download de Fleetwood Mac - Greatest Hits: [0;31mERROR:[0m Postprocessing: ffprobe and ffmpeg not found. Please install or provide the path using --ffmpeg-location|Falha no download de Santanna Cantador - Greatest Hits: [0;31mERROR:[0m Postprocessing: ffprobe and ffmpeg not found. Please install or provide the path using --ffmpeg-location";
2026-05-11T13:39:00.951215+00:00;GuardianWorker;5;OK;;
2026-05-11T13:38:30.331365+00:00;GuardianWorker;5;OK;;
2026-05-11T13:38:00.834847+00:00;GuardianWorker;5;OK;;
2026-05-11T13:37:54.166762+00:00;ButtWorker;1;FAIL;Nenhuma instância BUTT reconectada;
2026-05-11T13:37:30.177585+00:00;GuardianWorker;5;OK;;
2026-05-11T13:37:00.344417+00:00;GuardianWorker;5;OK;;
2026-05-11T13:36:30.073187+00:00;GuardianWorker;5;OK;;
2026-05-11T13:36:00.550493+00:00;GuardianWorker;5;OK;;
2026-05-11T13:35:54.159200+00:00;ButtWorker;1;FAIL;Nenhuma instância BUTT reconectada;
2026-05-11T13:35:53.840871+00:00;CuradoriaWorker;1;OK;;Nenhuma música pendente.
2026-05-11T13:35:30.572938+00:00;GuardianWorker;5;OK;;
2026-05-11T13:35:00.000717+00:00;GuardianWorker;5;OK;;
2026-05-11T13:34:30.025858+00:00;GuardianWorker;5;OK;;
2026-05-11T13:34:00.842405+00:00;GuardianWorker;5;OK;;
2026-05-11T13:33:54.169158+00:00;ButtWorker;1;FAIL;Nenhuma instância BUTT reconectada;
2026-05-11T13:33:30.206712+00:00;GuardianWorker;5;OK;;
2026-05-11T13:32:59.705936+00:00;GuardianWorker;5;OK;;
2026-05-11T13:32:30.543661+00:00;GuardianWorker;5;OK;;
2026-05-11T13:32:00.541828+00:00;GuardianWorker;5;OK;;
2026-05-11T13:31:54.149951+00:00;ButtWorker;1;FAIL;Nenhuma instância BUTT reconectada;
2026-05-11T13:31:30.116033+00:00;GuardianWorker;5;OK;;
2026-05-11T13:31:00.189601+00:00;GuardianWorker;5;OK;;
2026-05-11T13:30:53.847008+00:00;CuradoriaWorker;1;OK;;Nenhuma música pendente.
2026-05-11T13:30:30.042448+00:00;GuardianWorker;5;OK;;
2026-05-11T13:30:00.251212+00:00;GuardianWorker;5;OK;;
2026-05-11T13:29:54.234252+00:00;ButtWorker;1;FAIL;Nenhuma instância BUTT reconectada;
2026-05-11T13:29:30.328821+00:00;GuardianWorker;5;OK;;
2026-05-11T13:29:00.477697+00:00;GuardianWorker;5;OK;;
2026-05-11T13:28:29.848606+00:00;GuardianWorker;5;OK;;
2026-05-11T13:27:59.769872+00:00;GuardianWorker;5;OK;;
2026-05-11T13:27:54.147582+00:00;ButtWorker;1;FAIL;Nenhuma instância BUTT reconectada;
2026-05-11T13:27:30.126863+00:00;GuardianWorker;5;OK;;
2026-05-11T13:27:00.262298+00:00;GuardianWorker;5;OK;;
2026-05-11T13:26:29.720532+00:00;GuardianWorker;5;OK;;
2026-05-11T13:26:00.255331+00:00;GuardianWorker;5;OK;;
2026-05-11T13:25:54.301099+00:00;ButtWorker;1;FAIL;Nenhuma instância BUTT reconectada;
2026-05-11T13:25:54.215994+00:00;AuditWorker;-1;FAIL;Artista 'O RAPPA' repete na janela de 80 músicas.;
2026-05-11T13:25:54.104902+00:00;UpdateWorker;-5;FAIL;Build falhou;
2026-05-11T13:25:53.877841+00:00;CuradoriaWorker;1;OK;;Nenhuma música pendente.
2026-05-11T13:25:53.877502+00:00;WeatherWorker;1;OK;;
2026-05-11T13:25:30.582413+00:00;GuardianWorker;5;OK;;
2026-05-11T13:24:59.809556+00:00;GuardianWorker;5;OK;;
2026-05-11T13:24:29.698732+00:00;GuardianWorker;5;OK;;
2026-05-11T13:24:00.101509+00:00;GuardianWorker;5;OK;;
2026-05-11T13:23:54.158347+00:00;ButtWorker;1;FAIL;Nenhuma instância BUTT reconectada;
2026-05-11T13:23:30.518842+00:00;GuardianWorker;5;OK;;
2026-05-11T13:23:00.126742+00:00;GuardianWorker;5;OK;;
2026-05-11T13:22:29.696733+00:00;GuardianWorker;5;OK;;
2026-05-11T13:21:59.840321+00:00;GuardianWorker;5;OK;;
2026-05-11T13:21:54.177947+00:00;ButtWorker;1;FAIL;Nenhuma instância BUTT reconectada;
2026-05-11T13:21:29.670039+00:00;GuardianWorker;5;OK;;
2026-05-11T13:20:59.852273+00:00;GuardianWorker;5;OK;;
2026-05-11T13:20:53.853945+00:00;CuradoriaWorker;1;OK;;Nenhuma música pendente.
2026-05-11T13:20:29.656964+00:00;GuardianWorker;5;OK;;
2026-05-11T13:19:59.883244+00:00;GuardianWorker;5;OK;;
2026-05-11T13:19:54.143096+00:00;ButtWorker;1;FAIL;Nenhuma instância BUTT reconectada;
2026-05-11T13:19:29.759549+00:00;GuardianWorker;5;OK;;
2026-05-11T13:19:00.550776+00:00;GuardianWorker;5;OK;;
2026-05-11T13:18:30.129039+00:00;GuardianWorker;5;OK;;
2026-05-11T13:18:00.821052+00:00;GuardianWorker;5;OK;;
2026-05-11T13:17:54.160089+00:00;ButtWorker;1;FAIL;Nenhuma instância BUTT reconectada;
2026-05-11T13:17:30.129743+00:00;GuardianWorker;5;OK;;
2026-05-11T13:17:00.077874+00:00;GuardianWorker;5;OK;;
2026-05-11T13:16:30.135912+00:00;GuardianWorker;5;OK;;
2026-05-11T13:16:00.324372+00:00;GuardianWorker;5;OK;;
2026-05-11T13:15:54.154756+00:00;ButtWorker;1;FAIL;Nenhuma instância BUTT reconectada;
2026-05-11T13:15:53.840239+00:00;CuradoriaWorker;1;OK;;Nenhuma música pendente.
2026-05-11T13:15:31.454883+00:00;GuardianWorker;5;OK;;
2026-05-11T13:14:59.996196+00:00;GuardianWorker;5;OK;;
2026-05-11T13:14:30.168658+00:00;GuardianWorker;5;OK;;
2026-05-11T13:14:01.509363+00:00;GuardianWorker;5;OK;;
2026-05-11T13:13:54.256929+00:00;ButtWorker;1;FAIL;Nenhuma instância BUTT reconectada;
2026-05-11T13:13:30.293155+00:00;GuardianWorker;5;OK;;
2026-05-11T13:13:00.497083+00:00;GuardianWorker;5;OK;;
2026-05-11T13:12:30.653896+00:00;GuardianWorker;5;OK;;
2026-05-11T13:12:00.029143+00:00;GuardianWorker;5;OK;;
2026-05-11T13:11:54.148658+00:00;ButtWorker;1;FAIL;Nenhuma instância BUTT reconectada;
2026-05-11T13:11:30.722646+00:00;GuardianWorker;5;OK;;
2026-05-11T13:11:00.054964+00:00;GuardianWorker;5;OK;;
2026-05-11T13:10:53.827196+00:00;CuradoriaWorker;1;OK;;Nenhuma música pendente.
2026-05-11T13:10:30.113166+00:00;GuardianWorker;5;OK;;
2026-05-11T13:10:00.171744+00:00;GuardianWorker;5;OK;;
2026-05-11T13:09:54.143672+00:00;ButtWorker;1;FAIL;Nenhuma instância BUTT reconectada;
2026-05-11T13:09:30.075450+00:00;GuardianWorker;5;OK;;
2026-05-11T13:09:00.471482+00:00;GuardianWorker;5;OK;;
2026-05-11T13:08:30.125454+00:00;GuardianWorker;5;OK;;
2026-05-11T13:08:00.061500+00:00;GuardianWorker;5;OK;;
2026-05-11T13:07:54.160488+00:00;ButtWorker;1;FAIL;Nenhuma instância BUTT reconectada;
2026-05-11T13:07:29.668737+00:00;GuardianWorker;5;OK;;
2026-05-11T13:07:00.184613+00:00;GuardianWorker;5;OK;;
2026-05-11T13:06:29.664912+00:00;GuardianWorker;5;OK;;
2026-05-11T13:06:00.159224+00:00;GuardianWorker;5;OK;;
2026-05-11T13:05:54.145014+00:00;ButtWorker;1;FAIL;Nenhuma instância BUTT reconectada;
2026-05-11T13:05:53.827423+00:00;CuradoriaWorker;1;OK;;Nenhuma música pendente.
2026-05-11T13:05:30.109769+00:00;GuardianWorker;5;OK;;
2026-05-11T13:05:00.805051+00:00;GuardianWorker;5;OK;;
2026-05-11T13:04:29.944758+00:00;GuardianWorker;5;OK;;
2026-05-11T13:04:00.370858+00:00;GuardianWorker;5;OK;;
2026-05-11T13:03:54.140086+00:00;ButtWorker;1;FAIL;Nenhuma instância BUTT reconectada;
2026-05-11T13:03:29.690054+00:00;GuardianWorker;5;OK;;
2026-05-11T13:02:59.862662+00:00;GuardianWorker;5;OK;;
2026-05-11T13:02:29.665023+00:00;GuardianWorker;5;OK;;
2026-05-11T13:02:00.047535+00:00;GuardianWorker;5;OK;;
2026-05-11T13:01:54.146641+00:00;ButtWorker;1;FAIL;Nenhuma instância BUTT reconectada;
2026-05-11T13:01:29.612821+00:00;GuardianWorker;5;OK;;
2026-05-11T13:00:59.675900+00:00;GuardianWorker;5;OK;;
2026-05-11T13:00:53.842275+00:00;CuradoriaWorker;1;OK;;Nenhuma música pendente.
2026-05-11T13:00:29.637217+00:00;GuardianWorker;5;OK;;
2026-05-11T12:59:59.773561+00:00;GuardianWorker;5;OK;;
2026-05-11T12:59:54.147169+00:00;ButtWorker;1;FAIL;Nenhuma instância BUTT reconectada;
2026-05-11T12:59:29.697277+00:00;GuardianWorker;5;OK;;
2026-05-11T12:58:59.746848+00:00;GuardianWorker;5;OK;;
2026-05-11T12:58:29.662903+00:00;GuardianWorker;5;OK;;
2026-05-11T12:57:59.836487+00:00;GuardianWorker;5;OK;;
2026-05-11T12:57:54.149216+00:00;ButtWorker;1;FAIL;Nenhuma instância BUTT reconectada;
2026-05-11T12:57:29.624849+00:00;GuardianWorker;5;OK;;
2026-05-11T12:56:59.665001+00:00;GuardianWorker;5;OK;;
2026-05-11T12:56:29.631498+00:00;GuardianWorker;5;OK;;
2026-05-11T12:56:00.189750+00:00;GuardianWorker;5;OK;;
2026-05-11T12:55:54.198087+00:00;ButtWorker;1;FAIL;Nenhuma instância BUTT reconectada;
2026-05-11T12:55:53.847763+00:00;WeatherWorker;1;OK;;
2026-05-11T12:55:53.840579+00:00;CuradoriaWorker;1;OK;;Nenhuma música pendente.
2026-05-11T12:55:29.844643+00:00;GuardianWorker;5;OK;;
2026-05-11T12:54:59.839563+00:00;GuardianWorker;5;OK;;
2026-05-11T12:54:29.848270+00:00;GuardianWorker;5;OK;;
2026-05-11T12:54:00.008468+00:00;GuardianWorker;5;OK;;
2026-05-11T12:53:54.154875+00:00;ButtWorker;1;FAIL;Nenhuma instância BUTT reconectada;
2026-05-11T12:53:29.880033+00:00;GuardianWorker;5;OK;;
2026-05-11T12:52:59.896211+00:00;GuardianWorker;5;OK;;
2026-05-11T12:52:30.514012+00:00;GuardianWorker;5;OK;;
2026-05-11T12:52:00.369349+00:00;GuardianWorker;5;OK;;
2026-05-11T12:51:54.223294+00:00;ButtWorker;1;FAIL;Nenhuma instância BUTT reconectada;
2026-05-11T12:51:30.070273+00:00;GuardianWorker;5;OK;;
2026-05-11T12:50:59.952940+00:00;GuardianWorker;5;OK;;
2026-05-11T12:50:53.843269+00:00;CuradoriaWorker;1;OK;;Nenhuma música pendente.
2026-05-11T12:50:30.038489+00:00;GuardianWorker;5;OK;;
2026-05-11T12:49:59.879843+00:00;GuardianWorker;5;OK;;
2026-05-11T12:49:54.159228+00:00;ButtWorker;1;FAIL;Nenhuma instância BUTT reconectada;
2026-05-11T12:49:29.938136+00:00;GuardianWorker;5;OK;;
2026-05-11T12:49:00.197503+00:00;GuardianWorker;5;OK;;
2026-05-11T12:48:30.082592+00:00;GuardianWorker;5;OK;;
2026-05-11T12:47:59.996587+00:00;GuardianWorker;5;OK;;
2026-05-11T12:47:54.162930+00:00;ButtWorker;1;FAIL;Nenhuma instância BUTT reconectada;
2026-05-11T12:47:29.925464+00:00;GuardianWorker;5;OK;;
2026-05-11T12:47:00.504301+00:00;GuardianWorker;5;OK;;
2026-05-11T12:46:30.352884+00:00;GuardianWorker;5;OK;;
2026-05-11T12:46:01.335898+00:00;GuardianWorker;5;OK;;
2026-05-11T12:45:54.310768+00:00;ButtWorker;1;FAIL;Nenhuma instância BUTT reconectada;
2026-05-11T12:45:53.856973+00:00;CuradoriaWorker;1;OK;;Nenhuma música pendente.
2026-05-11T12:45:29.743264+00:00;GuardianWorker;5;OK;;
2026-05-11T12:45:00.066847+00:00;GuardianWorker;5;OK;;
2026-05-11T12:44:30.076758+00:00;GuardianWorker;5;OK;;
2026-05-11T12:44:00.327112+00:00;GuardianWorker;5;OK;;
2026-05-11T12:43:54.158086+00:00;ButtWorker;1;FAIL;Nenhuma instância BUTT reconectada;
2026-05-11T12:43:30.164463+00:00;GuardianWorker;5;OK;;
2026-05-11T12:43:00.315577+00:00;GuardianWorker;5;OK;;
2026-05-11T12:42:29.965020+00:00;GuardianWorker;5;OK;;
2026-05-11T12:42:00.190791+00:00;GuardianWorker;5;OK;;
2026-05-11T12:41:54.145640+00:00;ButtWorker;1;FAIL;Nenhuma instância BUTT reconectada;
2026-05-11T12:41:29.863466+00:00;GuardianWorker;5;OK;;
2026-05-11T12:41:00.362150+00:00;GuardianWorker;5;OK;;
2026-05-11T12:40:53.856166+00:00;CuradoriaWorker;1;OK;;Nenhuma música pendente.
2026-05-11T12:40:30.132419+00:00;GuardianWorker;5;OK;;
2026-05-11T12:40:00.255546+00:00;GuardianWorker;5;OK;;
2026-05-11T12:39:54.141984+00:00;ButtWorker;1;FAIL;Nenhuma instância BUTT reconectada;
2026-05-11T12:39:30.209384+00:00;GuardianWorker;5;OK;;
2026-05-11T12:39:00.123596+00:00;GuardianWorker;5;OK;;
2026-05-11T12:38:29.941800+00:00;GuardianWorker;5;OK;;
2026-05-11T12:38:00.793899+00:00;GuardianWorker;5;OK;;
2026-05-11T12:37:54.242816+00:00;ButtWorker;1;FAIL;Nenhuma instância BUTT reconectada;
2026-05-11T12:37:30.895452+00:00;GuardianWorker;5;OK;;
2026-05-11T12:36:59.877736+00:00;GuardianWorker;5;OK;;
2026-05-11T12:36:30.047746+00:00;GuardianWorker;5;OK;;
2026-05-11T12:36:00.406126+00:00;GuardianWorker;5;OK;;
2026-05-11T12:35:54.364069+00:00;ButtWorker;1;FAIL;Nenhuma instância BUTT reconectada;
2026-05-11T12:35:54.042429+00:00;CuradoriaWorker;1;OK;;Nenhuma música pendente.
2026-05-11T12:35:30.165902+00:00;GuardianWorker;5;OK;;
2026-05-11T12:35:00.194122+00:00;GuardianWorker;5;OK;;
2026-05-11T12:34:29.822709+00:00;GuardianWorker;5;OK;;
2026-05-11T12:34:00.595028+00:00;GuardianWorker;5;OK;;
2026-05-11T12:33:54.228370+00:00;ButtWorker;1;FAIL;Nenhuma instância BUTT reconectada;
2026-05-11T12:33:30.011213+00:00;GuardianWorker;5;OK;;
2026-05-11T12:33:00.120805+00:00;GuardianWorker;5;OK;;
2026-05-11T12:32:29.934926+00:00;GuardianWorker;5;OK;;
2026-05-11T12:32:00.311954+00:00;GuardianWorker;5;OK;;
2026-05-11T12:31:54.223806+00:00;ButtWorker;1;FAIL;Nenhuma instância BUTT reconectada;
2026-05-11T12:31:29.841693+00:00;GuardianWorker;5;OK;;
2026-05-11T12:31:00.209549+00:00;GuardianWorker;5;OK;;
2026-05-11T12:30:53.936586+00:00;CuradoriaWorker;1;OK;;Nenhuma música pendente.
2026-05-11T12:30:29.930620+00:00;GuardianWorker;5;OK;;
2026-05-11T12:30:00.784503+00:00;GuardianWorker;5;OK;;
2026-05-11T12:29:54.235280+00:00;ButtWorker;1;FAIL;Nenhuma instância BUTT reconectada;
2026-05-11T12:29:30.276278+00:00;GuardianWorker;5;OK;;
2026-05-11T12:29:00.207545+00:00;GuardianWorker;5;OK;;
2026-05-11T12:28:29.975199+00:00;GuardianWorker;5;OK;;
2026-05-11T12:28:00.179905+00:00;GuardianWorker;5;OK;;
2026-05-11T12:27:54.230687+00:00;ButtWorker;1;FAIL;Nenhuma instância BUTT reconectada;
2026-05-11T12:27:30.125336+00:00;GuardianWorker;5;OK;;
2026-05-11T12:27:00.025899+00:00;GuardianWorker;5;OK;;
2026-05-11T12:26:33.330468+00:00;GuardianWorker;5;OK;;
2026-05-11T12:05:45.700457+00:00;GuardianWorker;5;OK;;
2026-05-11T12:05:15.901170+00:00;GuardianWorker;5;OK;;
2026-05-11T12:05:09.064312+00:00;ButtWorker;1;FAIL;Nenhuma instância BUTT reconectada;
2026-05-11T12:04:45.669086+00:00;GuardianWorker;5;OK;;
2026-05-11T12:04:15.520718+00:00;GuardianWorker;5;OK;;
2026-05-11T12:03:45.738695+00:00;GuardianWorker;5;OK;;
2026-05-11T12:03:15.443593+00:00;GuardianWorker;5;OK;;
2026-05-11T12:03:09.064642+00:00;ButtWorker;1;FAIL;Nenhuma instância BUTT reconectada;
2026-05-11T12:02:45.570091+00:00;GuardianWorker;5;OK;;
2026-05-11T12:02:15.752586+00:00;GuardianWorker;5;OK;;
2026-05-11T12:02:08.756923+00:00;CuradoriaWorker;1;OK;;Nenhuma música pendente.
2026-05-11T12:01:46.485849+00:00;GuardianWorker;5;OK;;
2026-05-11T12:01:19.549712+00:00;GuardianWorker;5;OK;;
2026-05-11T12:01:09.088422+00:00;ButtWorker;1;FAIL;Nenhuma instância BUTT reconectada;
2026-05-11T12:00:45.749099+00:00;GuardianWorker;5;OK;;
2026-05-11T12:00:15.358377+00:00;GuardianWorker;5;OK;;
2026-05-11T11:59:45.358450+00:00;GuardianWorker;5;OK;;
2026-05-11T11:59:15.477750+00:00;GuardianWorker;5;OK;;
2026-05-11T11:59:09.074610+00:00;ButtWorker;1;FAIL;Nenhuma instância BUTT reconectada;
2026-05-11T11:58:45.018197+00:00;GuardianWorker;5;OK;;
2026-05-11T11:58:15.616786+00:00;GuardianWorker;5;OK;;
2026-05-11T11:57:47.142716+00:00;GuardianWorker;5;OK;;
2026-05-11T11:57:17.320628+00:00;GuardianWorker;5;OK;;
2026-05-11T11:57:09.119145+00:00;ButtWorker;1;FAIL;Nenhuma instância BUTT reconectada;
2026-05-11T11:57:08.760020+00:00;CuradoriaWorker;1;OK;;Nenhuma música pendente.
2026-05-11T11:56:45.860912+00:00;GuardianWorker;5;OK;;
2026-05-11T11:56:14.897783+00:00;GuardianWorker;5;OK;;
2026-05-11T11:55:44.945773+00:00;GuardianWorker;5;OK;;
2026-05-11T11:55:15.055118+00:00;GuardianWorker;5;OK;;
2026-05-11T11:55:09.075156+00:00;ButtWorker;1;FAIL;Nenhuma instância BUTT reconectada;
2026-05-11T11:54:44.899279+00:00;GuardianWorker;5;OK;;
2026-05-11T11:54:15.082532+00:00;GuardianWorker;5;OK;;
2026-05-11T11:53:45.054222+00:00;GuardianWorker;5;OK;;
2026-05-11T11:53:15.181697+00:00;GuardianWorker;5;OK;;
2026-05-11T11:53:09.075974+00:00;ButtWorker;1;FAIL;Nenhuma instância BUTT reconectada;
2026-05-11T11:52:44.899726+00:00;GuardianWorker;5;OK;;
2026-05-11T11:52:15.093144+00:00;GuardianWorker;5;OK;;
2026-05-11T11:52:08.760184+00:00;CuradoriaWorker;1;OK;;Nenhuma música pendente.
2026-05-11T11:51:44.903533+00:00;GuardianWorker;5;OK;;
2026-05-11T11:51:14.988950+00:00;GuardianWorker;5;OK;;
2026-05-11T11:51:09.066365+00:00;ButtWorker;1;FAIL;Nenhuma instância BUTT reconectada;
2026-05-11T11:50:44.913411+00:00;GuardianWorker;5;OK;;
2026-05-11T11:50:14.898695+00:00;GuardianWorker;5;OK;;
2026-05-11T11:49:44.890382+00:00;GuardianWorker;5;OK;;
2026-05-11T11:49:14.964451+00:00;GuardianWorker;5;OK;;
2026-05-11T11:49:09.072095+00:00;ButtWorker;1;FAIL;Nenhuma instância BUTT reconectada;
2026-05-11T11:48:44.878869+00:00;GuardianWorker;5;OK;;
2026-05-11T11:48:14.885047+00:00;GuardianWorker;5;OK;;
2026-05-11T11:47:44.928881+00:00;GuardianWorker;5;OK;;
2026-05-11T11:47:15.046051+00:00;GuardianWorker;5;OK;;
2026-05-11T11:47:09.080343+00:00;ButtWorker;1;FAIL;Nenhuma instância BUTT reconectada;
2026-05-11T11:47:08.757204+00:00;CuradoriaWorker;1;OK;;Nenhuma música pendente.
2026-05-11T11:46:44.907535+00:00;GuardianWorker;5;OK;;
2026-05-11T11:46:14.957226+00:00;GuardianWorker;5;OK;;
2026-05-11T11:45:44.901490+00:00;GuardianWorker;5;OK;;
2026-05-11T11:45:14.998682+00:00;GuardianWorker;5;OK;;
2026-05-11T11:45:09.068871+00:00;ButtWorker;1;FAIL;Nenhuma instância BUTT reconectada;
2026-05-11T11:44:44.867903+00:00;GuardianWorker;5;OK;;
2026-05-11T11:44:14.899110+00:00;GuardianWorker;5;OK;;
2026-05-11T11:43:44.928528+00:00;GuardianWorker;5;OK;;
2026-05-11T11:43:15.003196+00:00;GuardianWorker;5;OK;;
2026-05-11T11:43:09.067914+00:00;ButtWorker;1;FAIL;Nenhuma instância BUTT reconectada;
2026-05-11T11:42:44.916798+00:00;GuardianWorker;5;OK;;
2026-05-11T11:42:15.017374+00:00;GuardianWorker;5;OK;;
2026-05-11T11:42:08.754376+00:00;CuradoriaWorker;1;OK;;Nenhuma música pendente.
2026-05-11T11:41:45.001098+00:00;GuardianWorker;5;OK;;
2026-05-11T11:41:14.985609+00:00;GuardianWorker;5;OK;;
2026-05-11T11:41:09.069479+00:00;ButtWorker;1;FAIL;Nenhuma instância BUTT reconectada;
2026-05-11T11:40:44.873650+00:00;GuardianWorker;5;OK;;
2026-05-11T11:40:14.896446+00:00;GuardianWorker;5;OK;;
2026-05-11T11:39:44.944014+00:00;GuardianWorker;5;OK;;
2026-05-11T11:39:15.013624+00:00;GuardianWorker;5;OK;;
2026-05-11T11:39:09.068275+00:00;ButtWorker;1;FAIL;Nenhuma instância BUTT reconectada;
2026-05-11T11:38:44.917353+00:00;GuardianWorker;5;OK;;
2026-05-11T11:38:14.935571+00:00;GuardianWorker;5;OK;;
2026-05-11T11:37:44.914905+00:00;GuardianWorker;5;OK;;
2026-05-11T11:37:15.611347+00:00;GuardianWorker;5;OK;;
2026-05-11T11:37:09.358181+00:00;SyncWorker;1;OK;;
2026-05-11T11:37:09.258843+00:00;ButtWorker;1;FAIL;Nenhuma instância BUTT reconectada;
2026-05-11T11:37:09.047094+00:00;AuditWorker;-1;FAIL;Artista 'O RAPPA' repete na janela de 80 músicas.;
2026-05-11T11:37:08.765730+00:00;CuradoriaWorker;1;OK;;Nenhuma música pendente.
2026-05-11T11:37:08.765521+00:00;WeatherWorker;1;OK;;
2026-05-11T11:36:44.906349+00:00;GuardianWorker;5;OK;;
2026-05-11T11:36:14.914851+00:00;GuardianWorker;5;OK;;
2026-05-11T11:35:44.917953+00:00;GuardianWorker;5;OK;;
2026-05-11T11:35:14.960881+00:00;GuardianWorker;5;OK;;
